sim,alpha,n_rows,coverage
1,0.1,162,0.876543209876543
2,0.1,162,0.82716049382716
3,0.1,162,0.876543209876543
4,0.1,162,0.888888888888889
5,0.1,162,0.895061728395062
6,0.1,162,0.882716049382716
7,0.1,162,0.888888888888889
8,0.1,162,0.858024691358025
9,0.1,162,0.864197530864198
10,0.1,162,0.876543209876543
11,0.1,162,0.87037037037037
12,0.1,162,0.901234567901234
13,0.1,162,0.845679012345679
14,0.1,162,0.858024691358025
15,0.1,162,0.864197530864198
16,0.1,162,0.864197530864198
17,0.1,162,0.87037037037037
18,0.1,162,0.851851851851852
19,0.1,162,0.87037037037037
20,0.1,162,0.888888888888889
21,0.1,162,0.864197530864198
22,0.1,162,0.87037037037037
23,0.1,162,0.907407407407407
24,0.1,162,0.888888888888889
25,0.1,162,0.882716049382716
26,0.1,162,0.858024691358025
27,0.1,162,0.888888888888889
28,0.1,162,0.87037037037037
29,0.1,162,0.888888888888889
30,0.1,162,0.882716049382716
31,0.1,162,0.882716049382716
32,0.1,162,0.882716049382716
33,0.1,162,0.901234567901234
34,0.1,162,0.87037037037037
35,0.1,162,0.876543209876543
36,0.1,162,0.858024691358025
37,0.1,162,0.882716049382716
38,0.1,162,0.864197530864198
39,0.1,162,0.864197530864198
40,0.1,162,0.882716049382716
41,0.1,162,0.864197530864198
42,0.1,162,0.888888888888889
43,0.1,162,0.876543209876543
44,0.1,162,0.901234567901234
45,0.1,162,0.851851851851852
46,0.1,162,0.882716049382716
47,0.1,162,0.858024691358025
48,0.1,162,0.876543209876543
49,0.1,162,0.864197530864198
50,0.1,162,0.882716049382716
51,0.1,162,0.845679012345679
52,0.1,162,0.858024691358025
53,0.1,162,0.845679012345679
54,0.1,162,0.87037037037037
55,0.1,162,0.882716049382716
56,0.1,162,0.864197530864198
57,0.1,162,0.87037037037037
58,0.1,162,0.864197530864198
59,0.1,162,0.845679012345679
60,0.1,162,0.851851851851852
61,0.1,162,0.858024691358025
62,0.1,162,0.888888888888889
63,0.1,162,0.851851851851852
64,0.1,162,0.858024691358025
65,0.1,162,0.882716049382716
66,0.1,162,0.882716049382716
67,0.1,162,0.876543209876543
68,0.1,162,0.882716049382716
69,0.1,162,0.876543209876543
70,0.1,162,0.876543209876543
71,0.1,162,0.901234567901234
72,0.1,162,0.882716049382716
73,0.1,162,0.882716049382716
74,0.1,162,0.864197530864198
75,0.1,162,0.888888888888889
76,0.1,162,0.882716049382716
77,0.1,162,0.864197530864198
78,0.1,162,0.895061728395062
79,0.1,162,0.87037037037037
80,0.1,162,0.858024691358025
81,0.1,162,0.901234567901234
82,0.1,162,0.876543209876543
83,0.1,162,0.876543209876543
84,0.1,162,0.882716049382716
85,0.1,162,0.864197530864198
86,0.1,162,0.864197530864198
87,0.1,162,0.876543209876543
88,0.1,162,0.864197530864198
89,0.1,162,0.882716049382716
90,0.1,162,0.876543209876543
91,0.1,162,0.864197530864198
92,0.1,162,0.87037037037037
93,0.1,162,0.87037037037037
94,0.1,162,0.864197530864198
95,0.1,162,0.882716049382716
96,0.1,162,0.882716049382716
97,0.1,162,0.876543209876543
98,0.1,162,0.851851851851852
99,0.1,162,0.882716049382716
100,0.1,162,0.882716049382716
101,0.1,162,0.876543209876543
102,0.1,162,0.864197530864198
103,0.1,162,0.895061728395062
104,0.1,162,0.845679012345679
105,0.1,162,0.87037037037037
106,0.1,162,0.87037037037037
107,0.1,162,0.845679012345679
108,0.1,162,0.87037037037037
109,0.1,162,0.87037037037037
110,0.1,162,0.87037037037037
111,0.1,162,0.851851851851852
112,0.1,162,0.839506172839506
113,0.1,162,0.851851851851852
114,0.1,162,0.858024691358025
115,0.1,162,0.845679012345679
116,0.1,162,0.876543209876543
117,0.1,162,0.851851851851852
118,0.1,162,0.851851851851852
119,0.1,162,0.851851851851852
120,0.1,162,0.876543209876543
121,0.1,162,0.858024691358025
122,0.1,162,0.882716049382716
123,0.1,162,0.845679012345679
124,0.1,162,0.888888888888889
125,0.1,162,0.876543209876543
126,0.1,162,0.895061728395062
127,0.1,162,0.845679012345679
128,0.1,162,0.876543209876543
129,0.1,162,0.851851851851852
130,0.1,162,0.876543209876543
131,0.1,162,0.864197530864198
132,0.1,162,0.882716049382716
133,0.1,162,0.851851851851852
134,0.1,162,0.87037037037037
135,0.1,162,0.882716049382716
136,0.1,162,0.888888888888889
137,0.1,162,0.858024691358025
138,0.1,162,0.845679012345679
139,0.1,162,0.851851851851852
140,0.1,162,0.864197530864198
141,0.1,162,0.851851851851852
142,0.1,162,0.882716049382716
143,0.1,162,0.858024691358025
144,0.1,162,0.864197530864198
145,0.1,162,0.888888888888889
146,0.1,162,0.876543209876543
147,0.1,162,0.876543209876543
148,0.1,162,0.851851851851852
149,0.1,162,0.833333333333333
150,0.1,162,0.87037037037037
151,0.1,162,0.845679012345679
152,0.1,162,0.87037037037037
153,0.1,162,0.87037037037037
154,0.1,162,0.858024691358025
155,0.1,162,0.888888888888889
156,0.1,162,0.87037037037037
157,0.1,162,0.87037037037037
158,0.1,162,0.858024691358025
159,0.1,162,0.876543209876543
160,0.1,162,0.864197530864198
161,0.1,162,0.87037037037037
162,0.1,162,0.882716049382716
163,0.1,162,0.864197530864198
164,0.1,162,0.858024691358025
165,0.1,162,0.876543209876543
166,0.1,162,0.851851851851852
167,0.1,162,0.858024691358025
168,0.1,162,0.851851851851852
169,0.1,162,0.895061728395062
170,0.1,162,0.864197530864198
171,0.1,162,0.839506172839506
172,0.1,162,0.87037037037037
173,0.1,162,0.876543209876543
174,0.1,162,0.864197530864198
175,0.1,162,0.864197530864198
176,0.1,162,0.87037037037037
177,0.1,162,0.882716049382716
178,0.1,162,0.851851851851852
179,0.1,162,0.888888888888889
180,0.1,162,0.882716049382716
181,0.1,162,0.87037037037037
182,0.1,162,0.882716049382716
183,0.1,162,0.851851851851852
184,0.1,162,0.876543209876543
185,0.1,162,0.87037037037037
186,0.1,162,0.876543209876543
187,0.1,162,0.87037037037037
188,0.1,162,0.864197530864198
189,0.1,162,0.876543209876543
190,0.1,162,0.87037037037037
191,0.1,162,0.833333333333333
192,0.1,162,0.876543209876543
193,0.1,162,0.858024691358025
194,0.1,162,0.882716049382716
195,0.1,162,0.87037037037037
196,0.1,162,0.839506172839506
197,0.1,162,0.858024691358025
198,0.1,162,0.864197530864198
199,0.1,162,0.882716049382716
200,0.1,162,0.888888888888889
201,0.1,162,0.876543209876543
202,0.1,162,0.888888888888889
203,0.1,162,0.851851851851852
204,0.1,162,0.858024691358025
205,0.1,162,0.888888888888889
206,0.1,162,0.87037037037037
207,0.1,162,0.876543209876543
208,0.1,162,0.864197530864198
209,0.1,162,0.864197530864198
210,0.1,162,0.895061728395062
211,0.1,162,0.87037037037037
212,0.1,162,0.845679012345679
213,0.1,162,0.882716049382716
214,0.1,162,0.882716049382716
215,0.1,162,0.858024691358025
216,0.1,162,0.87037037037037
217,0.1,162,0.851851851851852
218,0.1,162,0.864197530864198
219,0.1,162,0.864197530864198
220,0.1,162,0.87037037037037
221,0.1,162,0.876543209876543
222,0.1,162,0.882716049382716
223,0.1,162,0.888888888888889
224,0.1,162,0.87037037037037
225,0.1,162,0.858024691358025
226,0.1,162,0.864197530864198
227,0.1,162,0.882716049382716
228,0.1,162,0.851851851851852
229,0.1,162,0.864197530864198
230,0.1,162,0.87037037037037
231,0.1,162,0.864197530864198
232,0.1,162,0.882716049382716
233,0.1,162,0.833333333333333
234,0.1,162,0.851851851851852
235,0.1,162,0.888888888888889
236,0.1,162,0.864197530864198
237,0.1,162,0.882716049382716
238,0.1,162,0.839506172839506
239,0.1,162,0.851851851851852
240,0.1,162,0.907407407407407
241,0.1,162,0.876543209876543
242,0.1,162,0.87037037037037
243,0.1,162,0.858024691358025
244,0.1,162,0.888888888888889
245,0.1,162,0.851851851851852
246,0.1,162,0.851851851851852
247,0.1,162,0.87037037037037
248,0.1,162,0.864197530864198
249,0.1,162,0.864197530864198
250,0.1,162,0.876543209876543
251,0.1,162,0.876543209876543
252,0.1,162,0.882716049382716
253,0.1,162,0.901234567901234
254,0.1,162,0.876543209876543
255,0.1,162,0.858024691358025
256,0.1,162,0.895061728395062
257,0.1,162,0.895061728395062
258,0.1,162,0.888888888888889
259,0.1,162,0.851851851851852
260,0.1,162,0.87037037037037
261,0.1,162,0.87037037037037
262,0.1,162,0.845679012345679
263,0.1,162,0.876543209876543
264,0.1,162,0.864197530864198
265,0.1,162,0.864197530864198
266,0.1,162,0.876543209876543
267,0.1,162,0.864197530864198
268,0.1,162,0.87037037037037
269,0.1,162,0.876543209876543
270,0.1,162,0.882716049382716
271,0.1,162,0.895061728395062
272,0.1,162,0.858024691358025
273,0.1,162,0.851851851851852
274,0.1,162,0.864197530864198
275,0.1,162,0.87037037037037
276,0.1,162,0.888888888888889
277,0.1,162,0.876543209876543
278,0.1,162,0.858024691358025
279,0.1,162,0.864197530864198
280,0.1,162,0.858024691358025
281,0.1,162,0.882716049382716
282,0.1,162,0.87037037037037
283,0.1,162,0.851851851851852
284,0.1,162,0.864197530864198
285,0.1,162,0.87037037037037
286,0.1,162,0.864197530864198
287,0.1,162,0.888888888888889
288,0.1,162,0.858024691358025
289,0.1,162,0.864197530864198
290,0.1,162,0.858024691358025
291,0.1,162,0.864197530864198
292,0.1,162,0.851851851851852
293,0.1,162,0.851851851851852
294,0.1,162,0.839506172839506
295,0.1,162,0.851851851851852
296,0.1,162,0.87037037037037
297,0.1,162,0.882716049382716
298,0.1,162,0.864197530864198
299,0.1,162,0.858024691358025
300,0.1,162,0.845679012345679
301,0.1,162,0.851851851851852
302,0.1,162,0.839506172839506
303,0.1,162,0.858024691358025
304,0.1,162,0.876543209876543
305,0.1,162,0.876543209876543
306,0.1,162,0.82716049382716
307,0.1,162,0.882716049382716
308,0.1,162,0.845679012345679
309,0.1,162,0.888888888888889
310,0.1,162,0.882716049382716
311,0.1,162,0.839506172839506
312,0.1,162,0.864197530864198
313,0.1,162,0.845679012345679
314,0.1,162,0.864197530864198
315,0.1,162,0.851851851851852
316,0.1,162,0.876543209876543
317,0.1,162,0.864197530864198
318,0.1,162,0.864197530864198
319,0.1,162,0.864197530864198
320,0.1,162,0.876543209876543
321,0.1,162,0.876543209876543
322,0.1,162,0.888888888888889
323,0.1,162,0.882716049382716
324,0.1,162,0.87037037037037
325,0.1,162,0.876543209876543
326,0.1,162,0.882716049382716
327,0.1,162,0.888888888888889
328,0.1,162,0.888888888888889
329,0.1,162,0.864197530864198
330,0.1,162,0.87037037037037
331,0.1,162,0.876543209876543
332,0.1,162,0.882716049382716
333,0.1,162,0.845679012345679
334,0.1,162,0.876543209876543
335,0.1,162,0.882716049382716
336,0.1,162,0.858024691358025
337,0.1,162,0.876543209876543
338,0.1,162,0.851851851851852
339,0.1,162,0.851851851851852
340,0.1,162,0.845679012345679
341,0.1,162,0.901234567901234
342,0.1,162,0.858024691358025
343,0.1,162,0.876543209876543
344,0.1,162,0.888888888888889
345,0.1,162,0.87037037037037
346,0.1,162,0.876543209876543
347,0.1,162,0.851851851851852
348,0.1,162,0.888888888888889
349,0.1,162,0.882716049382716
350,0.1,162,0.876543209876543
351,0.1,162,0.882716049382716
352,0.1,162,0.882716049382716
353,0.1,162,0.882716049382716
354,0.1,162,0.876543209876543
355,0.1,162,0.87037037037037
356,0.1,162,0.858024691358025
357,0.1,162,0.895061728395062
358,0.1,162,0.87037037037037
359,0.1,162,0.882716049382716
360,0.1,162,0.882716049382716
361,0.1,162,0.882716049382716
362,0.1,162,0.876543209876543
363,0.1,162,0.858024691358025
364,0.1,162,0.851851851851852
365,0.1,162,0.858024691358025
366,0.1,162,0.876543209876543
367,0.1,162,0.864197530864198
368,0.1,162,0.864197530864198
369,0.1,162,0.882716049382716
370,0.1,162,0.864197530864198
371,0.1,162,0.876543209876543
372,0.1,162,0.864197530864198
373,0.1,162,0.864197530864198
374,0.1,162,0.882716049382716
375,0.1,162,0.882716049382716
376,0.1,162,0.882716049382716
377,0.1,162,0.87037037037037
378,0.1,162,0.864197530864198
379,0.1,162,0.888888888888889
380,0.1,162,0.864197530864198
381,0.1,162,0.882716049382716
382,0.1,162,0.888888888888889
383,0.1,162,0.87037037037037
384,0.1,162,0.895061728395062
385,0.1,162,0.901234567901234
386,0.1,162,0.87037037037037
387,0.1,162,0.87037037037037
388,0.1,162,0.87037037037037
389,0.1,162,0.864197530864198
390,0.1,162,0.876543209876543
391,0.1,162,0.858024691358025
392,0.1,162,0.851851851851852
393,0.1,162,0.876543209876543
394,0.1,162,0.876543209876543
395,0.1,162,0.864197530864198
396,0.1,162,0.87037037037037
397,0.1,162,0.845679012345679
398,0.1,162,0.882716049382716
399,0.1,162,0.87037037037037
400,0.1,162,0.901234567901234
401,0.1,162,0.858024691358025
402,0.1,162,0.851851851851852
403,0.1,162,0.864197530864198
404,0.1,162,0.851851851851852
405,0.1,162,0.901234567901234
406,0.1,162,0.882716049382716
407,0.1,162,0.858024691358025
408,0.1,162,0.851851851851852
409,0.1,162,0.895061728395062
410,0.1,162,0.851851851851852
411,0.1,162,0.864197530864198
412,0.1,162,0.888888888888889
413,0.1,162,0.87037037037037
414,0.1,162,0.876543209876543
415,0.1,162,0.858024691358025
416,0.1,162,0.876543209876543
417,0.1,162,0.882716049382716
418,0.1,162,0.851851851851852
419,0.1,162,0.882716049382716
420,0.1,162,0.851851851851852
421,0.1,162,0.882716049382716
422,0.1,162,0.87037037037037
423,0.1,162,0.858024691358025
424,0.1,162,0.87037037037037
425,0.1,162,0.882716049382716
426,0.1,162,0.864197530864198
427,0.1,162,0.888888888888889
428,0.1,162,0.895061728395062
429,0.1,162,0.851851851851852
430,0.1,162,0.851851851851852
431,0.1,162,0.895061728395062
432,0.1,162,0.858024691358025
433,0.1,162,0.864197530864198
434,0.1,162,0.87037037037037
435,0.1,162,0.851851851851852
436,0.1,162,0.851851851851852
437,0.1,162,0.864197530864198
438,0.1,162,0.876543209876543
439,0.1,162,0.876543209876543
440,0.1,162,0.864197530864198
441,0.1,162,0.87037037037037
442,0.1,162,0.858024691358025
443,0.1,162,0.888888888888889
444,0.1,162,0.851851851851852
445,0.1,162,0.876543209876543
446,0.1,162,0.833333333333333
447,0.1,162,0.87037037037037
448,0.1,162,0.87037037037037
449,0.1,162,0.87037037037037
450,0.1,162,0.876543209876543
451,0.1,162,0.87037037037037
452,0.1,162,0.864197530864198
453,0.1,162,0.91358024691358
454,0.1,162,0.864197530864198
455,0.1,162,0.864197530864198
456,0.1,162,0.87037037037037
457,0.1,162,0.876543209876543
458,0.1,162,0.845679012345679
459,0.1,162,0.882716049382716
460,0.1,162,0.858024691358025
461,0.1,162,0.845679012345679
462,0.1,162,0.858024691358025
463,0.1,162,0.87037037037037
464,0.1,162,0.858024691358025
465,0.1,162,0.858024691358025
466,0.1,162,0.851851851851852
467,0.1,162,0.864197530864198
468,0.1,162,0.876543209876543
469,0.1,162,0.876543209876543
470,0.1,162,0.895061728395062
471,0.1,162,0.882716049382716
472,0.1,162,0.845679012345679
473,0.1,162,0.864197530864198
474,0.1,162,0.864197530864198
475,0.1,162,0.895061728395062
476,0.1,162,0.858024691358025
477,0.1,162,0.858024691358025
478,0.1,162,0.839506172839506
479,0.1,162,0.858024691358025
480,0.1,162,0.858024691358025
481,0.1,162,0.858024691358025
482,0.1,162,0.845679012345679
483,0.1,162,0.864197530864198
484,0.1,162,0.864197530864198
485,0.1,162,0.839506172839506
486,0.1,162,0.876543209876543
487,0.1,162,0.876543209876543
488,0.1,162,0.87037037037037
489,0.1,162,0.864197530864198
490,0.1,162,0.82716049382716
491,0.1,162,0.864197530864198
492,0.1,162,0.864197530864198
493,0.1,162,0.882716049382716
494,0.1,162,0.87037037037037
495,0.1,162,0.851851851851852
496,0.1,162,0.876543209876543
497,0.1,162,0.858024691358025
498,0.1,162,0.864197530864198
499,0.1,162,0.833333333333333
500,0.1,162,0.839506172839506
501,0.1,162,0.87037037037037
502,0.1,162,0.876543209876543
503,0.1,162,0.845679012345679
504,0.1,162,0.895061728395062
505,0.1,162,0.87037037037037
506,0.1,162,0.864197530864198
507,0.1,162,0.851851851851852
508,0.1,162,0.864197530864198
509,0.1,162,0.864197530864198
510,0.1,162,0.864197530864198
511,0.1,162,0.87037037037037
512,0.1,162,0.864197530864198
513,0.1,162,0.839506172839506
514,0.1,162,0.851851851851852
515,0.1,162,0.864197530864198
516,0.1,162,0.864197530864198
517,0.1,162,0.876543209876543
518,0.1,162,0.888888888888889
519,0.1,162,0.858024691358025
520,0.1,162,0.839506172839506
521,0.1,162,0.87037037037037
522,0.1,162,0.851851851851852
523,0.1,162,0.864197530864198
524,0.1,162,0.851851851851852
525,0.1,162,0.87037037037037
526,0.1,162,0.845679012345679
527,0.1,162,0.864197530864198
528,0.1,162,0.851851851851852
529,0.1,162,0.851851851851852
530,0.1,162,0.87037037037037
531,0.1,162,0.851851851851852
532,0.1,162,0.864197530864198
533,0.1,162,0.839506172839506
534,0.1,162,0.895061728395062
535,0.1,162,0.888888888888889
536,0.1,162,0.87037037037037
537,0.1,162,0.864197530864198
538,0.1,162,0.882716049382716
539,0.1,162,0.888888888888889
540,0.1,162,0.845679012345679
541,0.1,162,0.876543209876543
542,0.1,162,0.858024691358025
543,0.1,162,0.876543209876543
544,0.1,162,0.876543209876543
545,0.1,162,0.851851851851852
546,0.1,162,0.876543209876543
547,0.1,162,0.87037037037037
548,0.1,162,0.888888888888889
549,0.1,162,0.864197530864198
550,0.1,162,0.882716049382716
551,0.1,162,0.87037037037037
552,0.1,162,0.87037037037037
553,0.1,162,0.851851851851852
554,0.1,162,0.851851851851852
555,0.1,162,0.851851851851852
556,0.1,162,0.833333333333333
557,0.1,162,0.876543209876543
558,0.1,162,0.876543209876543
559,0.1,162,0.864197530864198
560,0.1,162,0.87037037037037
561,0.1,162,0.895061728395062
562,0.1,162,0.876543209876543
563,0.1,162,0.882716049382716
564,0.1,162,0.858024691358025
565,0.1,162,0.901234567901234
566,0.1,162,0.888888888888889
567,0.1,162,0.876543209876543
568,0.1,162,0.87037037037037
569,0.1,162,0.876543209876543
570,0.1,162,0.87037037037037
571,0.1,162,0.851851851851852
572,0.1,162,0.876543209876543
573,0.1,162,0.858024691358025
574,0.1,162,0.87037037037037
575,0.1,162,0.87037037037037
576,0.1,162,0.87037037037037
577,0.1,162,0.845679012345679
578,0.1,162,0.864197530864198
579,0.1,162,0.858024691358025
580,0.1,162,0.87037037037037
581,0.1,162,0.882716049382716
582,0.1,162,0.845679012345679
583,0.1,162,0.882716049382716
584,0.1,162,0.876543209876543
585,0.1,162,0.882716049382716
586,0.1,162,0.858024691358025
587,0.1,162,0.882716049382716
588,0.1,162,0.87037037037037
589,0.1,162,0.901234567901234
590,0.1,162,0.882716049382716
591,0.1,162,0.882716049382716
592,0.1,162,0.851851851851852
593,0.1,162,0.864197530864198
594,0.1,162,0.888888888888889
595,0.1,162,0.858024691358025
596,0.1,162,0.858024691358025
597,0.1,162,0.851851851851852
598,0.1,162,0.864197530864198
599,0.1,162,0.876543209876543
600,0.1,162,0.907407407407407
601,0.1,162,0.864197530864198
602,0.1,162,0.888888888888889
603,0.1,162,0.858024691358025
604,0.1,162,0.845679012345679
605,0.1,162,0.87037037037037
606,0.1,162,0.876543209876543
607,0.1,162,0.888888888888889
608,0.1,162,0.858024691358025
609,0.1,162,0.876543209876543
610,0.1,162,0.901234567901234
611,0.1,162,0.895061728395062
612,0.1,162,0.851851851851852
613,0.1,162,0.888888888888889
614,0.1,162,0.87037037037037
615,0.1,162,0.87037037037037
616,0.1,162,0.864197530864198
617,0.1,162,0.858024691358025
618,0.1,162,0.864197530864198
619,0.1,162,0.858024691358025
620,0.1,162,0.858024691358025
621,0.1,162,0.895061728395062
622,0.1,162,0.833333333333333
623,0.1,162,0.876543209876543
624,0.1,162,0.87037037037037
625,0.1,162,0.858024691358025
626,0.1,162,0.87037037037037
627,0.1,162,0.864197530864198
628,0.1,162,0.87037037037037
629,0.1,162,0.864197530864198
630,0.1,162,0.876543209876543
631,0.1,162,0.864197530864198
632,0.1,162,0.864197530864198
633,0.1,162,0.851851851851852
634,0.1,162,0.888888888888889
635,0.1,162,0.876543209876543
636,0.1,162,0.87037037037037
637,0.1,162,0.876543209876543
638,0.1,162,0.833333333333333
639,0.1,162,0.888888888888889
640,0.1,162,0.845679012345679
641,0.1,162,0.87037037037037
642,0.1,162,0.858024691358025
643,0.1,162,0.864197530864198
644,0.1,162,0.87037037037037
645,0.1,162,0.864197530864198
646,0.1,162,0.851851851851852
647,0.1,162,0.858024691358025
648,0.1,162,0.87037037037037
649,0.1,162,0.876543209876543
650,0.1,162,0.851851851851852
651,0.1,162,0.882716049382716
652,0.1,162,0.864197530864198
653,0.1,162,0.901234567901234
654,0.1,162,0.858024691358025
655,0.1,162,0.851851851851852
656,0.1,162,0.864197530864198
657,0.1,162,0.87037037037037
658,0.1,162,0.851851851851852
659,0.1,162,0.851851851851852
660,0.1,162,0.858024691358025
661,0.1,162,0.839506172839506
662,0.1,162,0.888888888888889
663,0.1,162,0.876543209876543
664,0.1,162,0.876543209876543
665,0.1,162,0.876543209876543
666,0.1,162,0.845679012345679
667,0.1,162,0.882716049382716
668,0.1,162,0.87037037037037
669,0.1,162,0.895061728395062
670,0.1,162,0.87037037037037
671,0.1,162,0.876543209876543
672,0.1,162,0.876543209876543
673,0.1,162,0.888888888888889
674,0.1,162,0.907407407407407
675,0.1,162,0.858024691358025
676,0.1,162,0.858024691358025
677,0.1,162,0.858024691358025
678,0.1,162,0.882716049382716
679,0.1,162,0.87037037037037
680,0.1,162,0.858024691358025
681,0.1,162,0.858024691358025
682,0.1,162,0.876543209876543
683,0.1,162,0.864197530864198
684,0.1,162,0.901234567901234
685,0.1,162,0.851851851851852
686,0.1,162,0.895061728395062
687,0.1,162,0.876543209876543
688,0.1,162,0.901234567901234
689,0.1,162,0.858024691358025
690,0.1,162,0.876543209876543
691,0.1,162,0.851851851851852
692,0.1,162,0.87037037037037
693,0.1,162,0.858024691358025
694,0.1,162,0.851851851851852
695,0.1,162,0.864197530864198
696,0.1,162,0.87037037037037
697,0.1,162,0.851851851851852
698,0.1,162,0.87037037037037
699,0.1,162,0.864197530864198
700,0.1,162,0.876543209876543
701,0.1,162,0.864197530864198
702,0.1,162,0.882716049382716
703,0.1,162,0.845679012345679
704,0.1,162,0.87037037037037
705,0.1,162,0.864197530864198
706,0.1,162,0.876543209876543
707,0.1,162,0.895061728395062
708,0.1,162,0.87037037037037
709,0.1,162,0.864197530864198
710,0.1,162,0.901234567901234
711,0.1,162,0.851851851851852
712,0.1,162,0.851851851851852
713,0.1,162,0.864197530864198
714,0.1,162,0.858024691358025
715,0.1,162,0.888888888888889
716,0.1,162,0.87037037037037
717,0.1,162,0.864197530864198
718,0.1,162,0.858024691358025
719,0.1,162,0.864197530864198
720,0.1,162,0.851851851851852
721,0.1,162,0.876543209876543
722,0.1,162,0.876543209876543
723,0.1,162,0.882716049382716
724,0.1,162,0.882716049382716
725,0.1,162,0.864197530864198
726,0.1,162,0.864197530864198
727,0.1,162,0.876543209876543
728,0.1,162,0.864197530864198
729,0.1,162,0.888888888888889
730,0.1,162,0.87037037037037
731,0.1,162,0.858024691358025
732,0.1,162,0.851851851851852
733,0.1,162,0.87037037037037
734,0.1,162,0.87037037037037
735,0.1,162,0.87037037037037
736,0.1,162,0.882716049382716
737,0.1,162,0.864197530864198
738,0.1,162,0.87037037037037
739,0.1,162,0.876543209876543
740,0.1,162,0.907407407407407
741,0.1,162,0.845679012345679
742,0.1,162,0.858024691358025
743,0.1,162,0.864197530864198
744,0.1,162,0.876543209876543
745,0.1,162,0.864197530864198
746,0.1,162,0.882716049382716
747,0.1,162,0.87037037037037
748,0.1,162,0.876543209876543
749,0.1,162,0.888888888888889
750,0.1,162,0.888888888888889
751,0.1,162,0.845679012345679
752,0.1,162,0.888888888888889
753,0.1,162,0.864197530864198
754,0.1,162,0.851851851851852
755,0.1,162,0.87037037037037
756,0.1,162,0.876543209876543
757,0.1,162,0.851851851851852
758,0.1,162,0.864197530864198
759,0.1,162,0.876543209876543
760,0.1,162,0.87037037037037
761,0.1,162,0.876543209876543
762,0.1,162,0.858024691358025
763,0.1,162,0.882716049382716
764,0.1,162,0.876543209876543
765,0.1,162,0.864197530864198
766,0.1,162,0.845679012345679
767,0.1,162,0.882716049382716
768,0.1,162,0.87037037037037
769,0.1,162,0.882716049382716
770,0.1,162,0.87037037037037
771,0.1,162,0.882716049382716
772,0.1,162,0.833333333333333
773,0.1,162,0.888888888888889
774,0.1,162,0.876543209876543
775,0.1,162,0.839506172839506
776,0.1,162,0.882716049382716
777,0.1,162,0.876543209876543
778,0.1,162,0.876543209876543
779,0.1,162,0.858024691358025
780,0.1,162,0.858024691358025
781,0.1,162,0.858024691358025
782,0.1,162,0.888888888888889
783,0.1,162,0.864197530864198
784,0.1,162,0.845679012345679
785,0.1,162,0.858024691358025
786,0.1,162,0.888888888888889
787,0.1,162,0.87037037037037
788,0.1,162,0.901234567901234
789,0.1,162,0.864197530864198
790,0.1,162,0.882716049382716
791,0.1,162,0.858024691358025
792,0.1,162,0.876543209876543
793,0.1,162,0.876543209876543
794,0.1,162,0.858024691358025
795,0.1,162,0.864197530864198
796,0.1,162,0.858024691358025
797,0.1,162,0.864197530864198
798,0.1,162,0.851851851851852
799,0.1,162,0.882716049382716
800,0.1,162,0.864197530864198
801,0.1,162,0.876543209876543
802,0.1,162,0.864197530864198
803,0.1,162,0.888888888888889
804,0.1,162,0.876543209876543
805,0.1,162,0.858024691358025
806,0.1,162,0.858024691358025
807,0.1,162,0.864197530864198
808,0.1,162,0.858024691358025
809,0.1,162,0.845679012345679
810,0.1,162,0.839506172839506
811,0.1,162,0.888888888888889
812,0.1,162,0.888888888888889
813,0.1,162,0.876543209876543
814,0.1,162,0.858024691358025
815,0.1,162,0.882716049382716
816,0.1,162,0.87037037037037
817,0.1,162,0.851851851851852
818,0.1,162,0.888888888888889
819,0.1,162,0.851851851851852
820,0.1,162,0.87037037037037
821,0.1,162,0.876543209876543
822,0.1,162,0.858024691358025
823,0.1,162,0.87037037037037
824,0.1,162,0.858024691358025
825,0.1,162,0.876543209876543
826,0.1,162,0.87037037037037
827,0.1,162,0.882716049382716
828,0.1,162,0.845679012345679
829,0.1,162,0.864197530864198
830,0.1,162,0.858024691358025
831,0.1,162,0.864197530864198
832,0.1,162,0.858024691358025
833,0.1,162,0.87037037037037
834,0.1,162,0.901234567901234
835,0.1,162,0.876543209876543
836,0.1,162,0.858024691358025
837,0.1,162,0.888888888888889
838,0.1,162,0.87037037037037
839,0.1,162,0.851851851851852
840,0.1,162,0.87037037037037
841,0.1,162,0.87037037037037
842,0.1,162,0.888888888888889
843,0.1,162,0.876543209876543
844,0.1,162,0.888888888888889
845,0.1,162,0.87037037037037
846,0.1,162,0.864197530864198
847,0.1,162,0.876543209876543
848,0.1,162,0.858024691358025
849,0.1,162,0.87037037037037
850,0.1,162,0.845679012345679
851,0.1,162,0.882716049382716
852,0.1,162,0.87037037037037
853,0.1,162,0.864197530864198
854,0.1,162,0.876543209876543
855,0.1,162,0.864197530864198
856,0.1,162,0.87037037037037
857,0.1,162,0.876543209876543
858,0.1,162,0.882716049382716
859,0.1,162,0.876543209876543
860,0.1,162,0.876543209876543
861,0.1,162,0.876543209876543
862,0.1,162,0.851851851851852
863,0.1,162,0.858024691358025
864,0.1,162,0.888888888888889
865,0.1,162,0.87037037037037
866,0.1,162,0.87037037037037
867,0.1,162,0.87037037037037
868,0.1,162,0.851851851851852
869,0.1,162,0.901234567901234
870,0.1,162,0.87037037037037
871,0.1,162,0.864197530864198
872,0.1,162,0.864197530864198
873,0.1,162,0.864197530864198
874,0.1,162,0.882716049382716
875,0.1,162,0.864197530864198
876,0.1,162,0.858024691358025
877,0.1,162,0.845679012345679
878,0.1,162,0.858024691358025
879,0.1,162,0.907407407407407
880,0.1,162,0.864197530864198
881,0.1,162,0.876543209876543
882,0.1,162,0.845679012345679
883,0.1,162,0.888888888888889
884,0.1,162,0.87037037037037
885,0.1,162,0.858024691358025
886,0.1,162,0.87037037037037
887,0.1,162,0.87037037037037
888,0.1,162,0.858024691358025
889,0.1,162,0.864197530864198
890,0.1,162,0.876543209876543
891,0.1,162,0.858024691358025
892,0.1,162,0.876543209876543
893,0.1,162,0.876543209876543
894,0.1,162,0.858024691358025
895,0.1,162,0.87037037037037
896,0.1,162,0.876543209876543
897,0.1,162,0.864197530864198
898,0.1,162,0.858024691358025
899,0.1,162,0.882716049382716
900,0.1,162,0.87037037037037
901,0.1,162,0.851851851851852
902,0.1,162,0.876543209876543
903,0.1,162,0.864197530864198
904,0.1,162,0.858024691358025
905,0.1,162,0.864197530864198
906,0.1,162,0.845679012345679
907,0.1,162,0.87037037037037
908,0.1,162,0.858024691358025
909,0.1,162,0.876543209876543
910,0.1,162,0.888888888888889
911,0.1,162,0.876543209876543
912,0.1,162,0.845679012345679
913,0.1,162,0.876543209876543
914,0.1,162,0.876543209876543
915,0.1,162,0.87037037037037
916,0.1,162,0.858024691358025
917,0.1,162,0.882716049382716
918,0.1,162,0.87037037037037
919,0.1,162,0.858024691358025
920,0.1,162,0.888888888888889
921,0.1,162,0.839506172839506
922,0.1,162,0.858024691358025
923,0.1,162,0.845679012345679
924,0.1,162,0.888888888888889
925,0.1,162,0.858024691358025
926,0.1,162,0.845679012345679
927,0.1,162,0.876543209876543
928,0.1,162,0.87037037037037
929,0.1,162,0.845679012345679
930,0.1,162,0.864197530864198
931,0.1,162,0.845679012345679
932,0.1,162,0.864197530864198
933,0.1,162,0.882716049382716
934,0.1,162,0.888888888888889
935,0.1,162,0.876543209876543
936,0.1,162,0.851851851851852
937,0.1,162,0.888888888888889
938,0.1,162,0.87037037037037
939,0.1,162,0.851851851851852
940,0.1,162,0.882716049382716
941,0.1,162,0.876543209876543
942,0.1,162,0.888888888888889
943,0.1,162,0.851851851851852
944,0.1,162,0.851851851851852
945,0.1,162,0.882716049382716
946,0.1,162,0.895061728395062
947,0.1,162,0.876543209876543
948,0.1,162,0.876543209876543
949,0.1,162,0.845679012345679
950,0.1,162,0.876543209876543
951,0.1,162,0.87037037037037
952,0.1,162,0.845679012345679
953,0.1,162,0.839506172839506
954,0.1,162,0.87037037037037
955,0.1,162,0.87037037037037
956,0.1,162,0.87037037037037
957,0.1,162,0.876543209876543
958,0.1,162,0.851851851851852
959,0.1,162,0.87037037037037
960,0.1,162,0.87037037037037
961,0.1,162,0.864197530864198
962,0.1,162,0.858024691358025
963,0.1,162,0.876543209876543
964,0.1,162,0.87037037037037
965,0.1,162,0.882716049382716
966,0.1,162,0.876543209876543
967,0.1,162,0.876543209876543
968,0.1,162,0.864197530864198
969,0.1,162,0.851851851851852
970,0.1,162,0.845679012345679
971,0.1,162,0.858024691358025
972,0.1,162,0.864197530864198
973,0.1,162,0.87037037037037
974,0.1,162,0.858024691358025
975,0.1,162,0.858024691358025
976,0.1,162,0.87037037037037
977,0.1,162,0.882716049382716
978,0.1,162,0.876543209876543
979,0.1,162,0.864197530864198
980,0.1,162,0.864197530864198
981,0.1,162,0.851851851851852
982,0.1,162,0.895061728395062
983,0.1,162,0.851851851851852
984,0.1,162,0.858024691358025
985,0.1,162,0.87037037037037
986,0.1,162,0.851851851851852
987,0.1,162,0.858024691358025
988,0.1,162,0.888888888888889
989,0.1,162,0.876543209876543
990,0.1,162,0.882716049382716
991,0.1,162,0.87037037037037
992,0.1,162,0.851851851851852
993,0.1,162,0.87037037037037
994,0.1,162,0.87037037037037
995,0.1,162,0.864197530864198
996,0.1,162,0.882716049382716
997,0.1,162,0.87037037037037
998,0.1,162,0.864197530864198
999,0.1,162,0.839506172839506
1000,0.1,162,0.864197530864198
1,0.15,162,0.820987654320988
2,0.15,162,0.82716049382716
3,0.15,162,0.808641975308642
4,0.15,162,0.845679012345679
5,0.15,162,0.808641975308642
6,0.15,162,0.839506172839506
7,0.15,162,0.833333333333333
8,0.15,162,0.833333333333333
9,0.15,162,0.839506172839506
10,0.15,162,0.851851851851852
11,0.15,162,0.839506172839506
12,0.15,162,0.820987654320988
13,0.15,162,0.808641975308642
14,0.15,162,0.820987654320988
15,0.15,162,0.833333333333333
16,0.15,162,0.820987654320988
17,0.15,162,0.845679012345679
18,0.15,162,0.839506172839506
19,0.15,162,0.833333333333333
20,0.15,162,0.802469135802469
21,0.15,162,0.833333333333333
22,0.15,162,0.82716049382716
23,0.15,162,0.851851851851852
24,0.15,162,0.802469135802469
25,0.15,162,0.858024691358025
26,0.15,162,0.808641975308642
27,0.15,162,0.814814814814815
28,0.15,162,0.802469135802469
29,0.15,162,0.82716049382716
30,0.15,162,0.845679012345679
31,0.15,162,0.802469135802469
32,0.15,162,0.82716049382716
33,0.15,162,0.808641975308642
34,0.15,162,0.851851851851852
35,0.15,162,0.820987654320988
36,0.15,162,0.851851851851852
37,0.15,162,0.814814814814815
38,0.15,162,0.833333333333333
39,0.15,162,0.820987654320988
40,0.15,162,0.802469135802469
41,0.15,162,0.808641975308642
42,0.15,162,0.833333333333333
43,0.15,162,0.82716049382716
44,0.15,162,0.858024691358025
45,0.15,162,0.82716049382716
46,0.15,162,0.851851851851852
47,0.15,162,0.833333333333333
48,0.15,162,0.833333333333333
49,0.15,162,0.833333333333333
50,0.15,162,0.833333333333333
51,0.15,162,0.814814814814815
52,0.15,162,0.82716049382716
53,0.15,162,0.790123456790123
54,0.15,162,0.808641975308642
55,0.15,162,0.814814814814815
56,0.15,162,0.802469135802469
57,0.15,162,0.851851851851852
58,0.15,162,0.814814814814815
59,0.15,162,0.82716049382716
60,0.15,162,0.839506172839506
61,0.15,162,0.858024691358025
62,0.15,162,0.833333333333333
63,0.15,162,0.802469135802469
64,0.15,162,0.833333333333333
65,0.15,162,0.833333333333333
66,0.15,162,0.833333333333333
67,0.15,162,0.845679012345679
68,0.15,162,0.820987654320988
69,0.15,162,0.833333333333333
70,0.15,162,0.833333333333333
71,0.15,162,0.82716049382716
72,0.15,162,0.82716049382716
73,0.15,162,0.814814814814815
74,0.15,162,0.845679012345679
75,0.15,162,0.820987654320988
76,0.15,162,0.82716049382716
77,0.15,162,0.796296296296296
78,0.15,162,0.808641975308642
79,0.15,162,0.839506172839506
80,0.15,162,0.833333333333333
81,0.15,162,0.820987654320988
82,0.15,162,0.802469135802469
83,0.15,162,0.820987654320988
84,0.15,162,0.839506172839506
85,0.15,162,0.839506172839506
86,0.15,162,0.796296296296296
87,0.15,162,0.851851851851852
88,0.15,162,0.839506172839506
89,0.15,162,0.845679012345679
90,0.15,162,0.820987654320988
91,0.15,162,0.82716049382716
92,0.15,162,0.802469135802469
93,0.15,162,0.82716049382716
94,0.15,162,0.833333333333333
95,0.15,162,0.814814814814815
96,0.15,162,0.833333333333333
97,0.15,162,0.796296296296296
98,0.15,162,0.820987654320988
99,0.15,162,0.82716049382716
100,0.15,162,0.845679012345679
101,0.15,162,0.814814814814815
102,0.15,162,0.845679012345679
103,0.15,162,0.82716049382716
104,0.15,162,0.82716049382716
105,0.15,162,0.82716049382716
106,0.15,162,0.833333333333333
107,0.15,162,0.839506172839506
108,0.15,162,0.820987654320988
109,0.15,162,0.839506172839506
110,0.15,162,0.845679012345679
111,0.15,162,0.82716049382716
112,0.15,162,0.820987654320988
113,0.15,162,0.839506172839506
114,0.15,162,0.808641975308642
115,0.15,162,0.820987654320988
116,0.15,162,0.814814814814815
117,0.15,162,0.814814814814815
118,0.15,162,0.820987654320988
119,0.15,162,0.808641975308642
120,0.15,162,0.820987654320988
121,0.15,162,0.839506172839506
122,0.15,162,0.814814814814815
123,0.15,162,0.845679012345679
124,0.15,162,0.82716049382716
125,0.15,162,0.802469135802469
126,0.15,162,0.833333333333333
127,0.15,162,0.820987654320988
128,0.15,162,0.833333333333333
129,0.15,162,0.82716049382716
130,0.15,162,0.82716049382716
131,0.15,162,0.839506172839506
132,0.15,162,0.820987654320988
133,0.15,162,0.820987654320988
134,0.15,162,0.839506172839506
135,0.15,162,0.82716049382716
136,0.15,162,0.833333333333333
137,0.15,162,0.833333333333333
138,0.15,162,0.808641975308642
139,0.15,162,0.820987654320988
140,0.15,162,0.820987654320988
141,0.15,162,0.783950617283951
142,0.15,162,0.82716049382716
143,0.15,162,0.82716049382716
144,0.15,162,0.808641975308642
145,0.15,162,0.82716049382716
146,0.15,162,0.820987654320988
147,0.15,162,0.82716049382716
148,0.15,162,0.845679012345679
149,0.15,162,0.839506172839506
150,0.15,162,0.82716049382716
151,0.15,162,0.833333333333333
152,0.15,162,0.820987654320988
153,0.15,162,0.858024691358025
154,0.15,162,0.820987654320988
155,0.15,162,0.814814814814815
156,0.15,162,0.839506172839506
157,0.15,162,0.82716049382716
158,0.15,162,0.82716049382716
159,0.15,162,0.802469135802469
160,0.15,162,0.802469135802469
161,0.15,162,0.808641975308642
162,0.15,162,0.833333333333333
163,0.15,162,0.82716049382716
164,0.15,162,0.845679012345679
165,0.15,162,0.833333333333333
166,0.15,162,0.796296296296296
167,0.15,162,0.839506172839506
168,0.15,162,0.845679012345679
169,0.15,162,0.814814814814815
170,0.15,162,0.820987654320988
171,0.15,162,0.808641975308642
172,0.15,162,0.833333333333333
173,0.15,162,0.820987654320988
174,0.15,162,0.839506172839506
175,0.15,162,0.82716049382716
176,0.15,162,0.82716049382716
177,0.15,162,0.820987654320988
178,0.15,162,0.82716049382716
179,0.15,162,0.82716049382716
180,0.15,162,0.833333333333333
181,0.15,162,0.802469135802469
182,0.15,162,0.82716049382716
183,0.15,162,0.814814814814815
184,0.15,162,0.833333333333333
185,0.15,162,0.82716049382716
186,0.15,162,0.858024691358025
187,0.15,162,0.851851851851852
188,0.15,162,0.833333333333333
189,0.15,162,0.820987654320988
190,0.15,162,0.82716049382716
191,0.15,162,0.820987654320988
192,0.15,162,0.833333333333333
193,0.15,162,0.820987654320988
194,0.15,162,0.802469135802469
195,0.15,162,0.845679012345679
196,0.15,162,0.839506172839506
197,0.15,162,0.820987654320988
198,0.15,162,0.82716049382716
199,0.15,162,0.808641975308642
200,0.15,162,0.82716049382716
201,0.15,162,0.833333333333333
202,0.15,162,0.833333333333333
203,0.15,162,0.814814814814815
204,0.15,162,0.820987654320988
205,0.15,162,0.820987654320988
206,0.15,162,0.845679012345679
207,0.15,162,0.845679012345679
208,0.15,162,0.814814814814815
209,0.15,162,0.833333333333333
210,0.15,162,0.839506172839506
211,0.15,162,0.808641975308642
212,0.15,162,0.82716049382716
213,0.15,162,0.82716049382716
214,0.15,162,0.833333333333333
215,0.15,162,0.82716049382716
216,0.15,162,0.839506172839506
217,0.15,162,0.82716049382716
218,0.15,162,0.808641975308642
219,0.15,162,0.796296296296296
220,0.15,162,0.808641975308642
221,0.15,162,0.833333333333333
222,0.15,162,0.820987654320988
223,0.15,162,0.851851851851852
224,0.15,162,0.82716049382716
225,0.15,162,0.802469135802469
226,0.15,162,0.845679012345679
227,0.15,162,0.814814814814815
228,0.15,162,0.839506172839506
229,0.15,162,0.845679012345679
230,0.15,162,0.839506172839506
231,0.15,162,0.820987654320988
232,0.15,162,0.820987654320988
233,0.15,162,0.802469135802469
234,0.15,162,0.839506172839506
235,0.15,162,0.82716049382716
236,0.15,162,0.833333333333333
237,0.15,162,0.851851851851852
238,0.15,162,0.845679012345679
239,0.15,162,0.82716049382716
240,0.15,162,0.802469135802469
241,0.15,162,0.790123456790123
242,0.15,162,0.808641975308642
243,0.15,162,0.820987654320988
244,0.15,162,0.839506172839506
245,0.15,162,0.845679012345679
246,0.15,162,0.845679012345679
247,0.15,162,0.839506172839506
248,0.15,162,0.82716049382716
249,0.15,162,0.839506172839506
250,0.15,162,0.833333333333333
251,0.15,162,0.796296296296296
252,0.15,162,0.851851851851852
253,0.15,162,0.802469135802469
254,0.15,162,0.814814814814815
255,0.15,162,0.839506172839506
256,0.15,162,0.839506172839506
257,0.15,162,0.82716049382716
258,0.15,162,0.858024691358025
259,0.15,162,0.814814814814815
260,0.15,162,0.833333333333333
261,0.15,162,0.864197530864198
262,0.15,162,0.808641975308642
263,0.15,162,0.833333333333333
264,0.15,162,0.814814814814815
265,0.15,162,0.783950617283951
266,0.15,162,0.808641975308642
267,0.15,162,0.839506172839506
268,0.15,162,0.839506172839506
269,0.15,162,0.833333333333333
270,0.15,162,0.833333333333333
271,0.15,162,0.814814814814815
272,0.15,162,0.82716049382716
273,0.15,162,0.858024691358025
274,0.15,162,0.82716049382716
275,0.15,162,0.796296296296296
276,0.15,162,0.851851851851852
277,0.15,162,0.833333333333333
278,0.15,162,0.833333333333333
279,0.15,162,0.820987654320988
280,0.15,162,0.820987654320988
281,0.15,162,0.814814814814815
282,0.15,162,0.820987654320988
283,0.15,162,0.808641975308642
284,0.15,162,0.814814814814815
285,0.15,162,0.851851851851852
286,0.15,162,0.820987654320988
287,0.15,162,0.82716049382716
288,0.15,162,0.845679012345679
289,0.15,162,0.814814814814815
290,0.15,162,0.783950617283951
291,0.15,162,0.833333333333333
292,0.15,162,0.814814814814815
293,0.15,162,0.845679012345679
294,0.15,162,0.814814814814815
295,0.15,162,0.839506172839506
296,0.15,162,0.808641975308642
297,0.15,162,0.839506172839506
298,0.15,162,0.808641975308642
299,0.15,162,0.82716049382716
300,0.15,162,0.839506172839506
301,0.15,162,0.808641975308642
302,0.15,162,0.814814814814815
303,0.15,162,0.820987654320988
304,0.15,162,0.845679012345679
305,0.15,162,0.820987654320988
306,0.15,162,0.814814814814815
307,0.15,162,0.839506172839506
308,0.15,162,0.820987654320988
309,0.15,162,0.82716049382716
310,0.15,162,0.808641975308642
311,0.15,162,0.845679012345679
312,0.15,162,0.814814814814815
313,0.15,162,0.845679012345679
314,0.15,162,0.839506172839506
315,0.15,162,0.82716049382716
316,0.15,162,0.820987654320988
317,0.15,162,0.820987654320988
318,0.15,162,0.833333333333333
319,0.15,162,0.820987654320988
320,0.15,162,0.814814814814815
321,0.15,162,0.845679012345679
322,0.15,162,0.814814814814815
323,0.15,162,0.808641975308642
324,0.15,162,0.802469135802469
325,0.15,162,0.833333333333333
326,0.15,162,0.82716049382716
327,0.15,162,0.839506172839506
328,0.15,162,0.82716049382716
329,0.15,162,0.802469135802469
330,0.15,162,0.808641975308642
331,0.15,162,0.820987654320988
332,0.15,162,0.820987654320988
333,0.15,162,0.845679012345679
334,0.15,162,0.876543209876543
335,0.15,162,0.833333333333333
336,0.15,162,0.802469135802469
337,0.15,162,0.833333333333333
338,0.15,162,0.833333333333333
339,0.15,162,0.820987654320988
340,0.15,162,0.833333333333333
341,0.15,162,0.802469135802469
342,0.15,162,0.864197530864198
343,0.15,162,0.839506172839506
344,0.15,162,0.808641975308642
345,0.15,162,0.851851851851852
346,0.15,162,0.790123456790123
347,0.15,162,0.82716049382716
348,0.15,162,0.814814814814815
349,0.15,162,0.839506172839506
350,0.15,162,0.802469135802469
351,0.15,162,0.876543209876543
352,0.15,162,0.814814814814815
353,0.15,162,0.833333333333333
354,0.15,162,0.820987654320988
355,0.15,162,0.82716049382716
356,0.15,162,0.820987654320988
357,0.15,162,0.820987654320988
358,0.15,162,0.820987654320988
359,0.15,162,0.82716049382716
360,0.15,162,0.82716049382716
361,0.15,162,0.858024691358025
362,0.15,162,0.82716049382716
363,0.15,162,0.814814814814815
364,0.15,162,0.839506172839506
365,0.15,162,0.82716049382716
366,0.15,162,0.814814814814815
367,0.15,162,0.851851851851852
368,0.15,162,0.808641975308642
369,0.15,162,0.851851851851852
370,0.15,162,0.82716049382716
371,0.15,162,0.820987654320988
372,0.15,162,0.814814814814815
373,0.15,162,0.833333333333333
374,0.15,162,0.833333333333333
375,0.15,162,0.796296296296296
376,0.15,162,0.814814814814815
377,0.15,162,0.814814814814815
378,0.15,162,0.820987654320988
379,0.15,162,0.87037037037037
380,0.15,162,0.839506172839506
381,0.15,162,0.839506172839506
382,0.15,162,0.796296296296296
383,0.15,162,0.82716049382716
384,0.15,162,0.808641975308642
385,0.15,162,0.839506172839506
386,0.15,162,0.833333333333333
387,0.15,162,0.845679012345679
388,0.15,162,0.82716049382716
389,0.15,162,0.820987654320988
390,0.15,162,0.839506172839506
391,0.15,162,0.820987654320988
392,0.15,162,0.808641975308642
393,0.15,162,0.802469135802469
394,0.15,162,0.82716049382716
395,0.15,162,0.839506172839506
396,0.15,162,0.851851851851852
397,0.15,162,0.802469135802469
398,0.15,162,0.808641975308642
399,0.15,162,0.851851851851852
400,0.15,162,0.851851851851852
401,0.15,162,0.802469135802469
402,0.15,162,0.839506172839506
403,0.15,162,0.845679012345679
404,0.15,162,0.839506172839506
405,0.15,162,0.802469135802469
406,0.15,162,0.808641975308642
407,0.15,162,0.820987654320988
408,0.15,162,0.796296296296296
409,0.15,162,0.839506172839506
410,0.15,162,0.808641975308642
411,0.15,162,0.858024691358025
412,0.15,162,0.802469135802469
413,0.15,162,0.814814814814815
414,0.15,162,0.839506172839506
415,0.15,162,0.808641975308642
416,0.15,162,0.808641975308642
417,0.15,162,0.833333333333333
418,0.15,162,0.820987654320988
419,0.15,162,0.820987654320988
420,0.15,162,0.833333333333333
421,0.15,162,0.814814814814815
422,0.15,162,0.814814814814815
423,0.15,162,0.808641975308642
424,0.15,162,0.814814814814815
425,0.15,162,0.833333333333333
426,0.15,162,0.808641975308642
427,0.15,162,0.820987654320988
428,0.15,162,0.82716049382716
429,0.15,162,0.814814814814815
430,0.15,162,0.790123456790123
431,0.15,162,0.814814814814815
432,0.15,162,0.845679012345679
433,0.15,162,0.839506172839506
434,0.15,162,0.820987654320988
435,0.15,162,0.82716049382716
436,0.15,162,0.808641975308642
437,0.15,162,0.808641975308642
438,0.15,162,0.802469135802469
439,0.15,162,0.802469135802469
440,0.15,162,0.839506172839506
441,0.15,162,0.833333333333333
442,0.15,162,0.833333333333333
443,0.15,162,0.808641975308642
444,0.15,162,0.833333333333333
445,0.15,162,0.820987654320988
446,0.15,162,0.833333333333333
447,0.15,162,0.839506172839506
448,0.15,162,0.839506172839506
449,0.15,162,0.808641975308642
450,0.15,162,0.845679012345679
451,0.15,162,0.82716049382716
452,0.15,162,0.783950617283951
453,0.15,162,0.820987654320988
454,0.15,162,0.814814814814815
455,0.15,162,0.839506172839506
456,0.15,162,0.820987654320988
457,0.15,162,0.839506172839506
458,0.15,162,0.82716049382716
459,0.15,162,0.82716049382716
460,0.15,162,0.851851851851852
461,0.15,162,0.808641975308642
462,0.15,162,0.802469135802469
463,0.15,162,0.833333333333333
464,0.15,162,0.82716049382716
465,0.15,162,0.820987654320988
466,0.15,162,0.833333333333333
467,0.15,162,0.796296296296296
468,0.15,162,0.814814814814815
469,0.15,162,0.833333333333333
470,0.15,162,0.796296296296296
471,0.15,162,0.814814814814815
472,0.15,162,0.833333333333333
473,0.15,162,0.820987654320988
474,0.15,162,0.820987654320988
475,0.15,162,0.802469135802469
476,0.15,162,0.802469135802469
477,0.15,162,0.851851851851852
478,0.15,162,0.833333333333333
479,0.15,162,0.814814814814815
480,0.15,162,0.820987654320988
481,0.15,162,0.833333333333333
482,0.15,162,0.82716049382716
483,0.15,162,0.820987654320988
484,0.15,162,0.82716049382716
485,0.15,162,0.82716049382716
486,0.15,162,0.82716049382716
487,0.15,162,0.833333333333333
488,0.15,162,0.820987654320988
489,0.15,162,0.82716049382716
490,0.15,162,0.845679012345679
491,0.15,162,0.82716049382716
492,0.15,162,0.814814814814815
493,0.15,162,0.82716049382716
494,0.15,162,0.808641975308642
495,0.15,162,0.814814814814815
496,0.15,162,0.858024691358025
497,0.15,162,0.814814814814815
498,0.15,162,0.814814814814815
499,0.15,162,0.802469135802469
500,0.15,162,0.814814814814815
501,0.15,162,0.833333333333333
502,0.15,162,0.802469135802469
503,0.15,162,0.814814814814815
504,0.15,162,0.833333333333333
505,0.15,162,0.833333333333333
506,0.15,162,0.833333333333333
507,0.15,162,0.82716049382716
508,0.15,162,0.833333333333333
509,0.15,162,0.802469135802469
510,0.15,162,0.82716049382716
511,0.15,162,0.796296296296296
512,0.15,162,0.839506172839506
513,0.15,162,0.802469135802469
514,0.15,162,0.820987654320988
515,0.15,162,0.833333333333333
516,0.15,162,0.82716049382716
517,0.15,162,0.790123456790123
518,0.15,162,0.82716049382716
519,0.15,162,0.839506172839506
520,0.15,162,0.845679012345679
521,0.15,162,0.814814814814815
522,0.15,162,0.790123456790123
523,0.15,162,0.851851851851852
524,0.15,162,0.851851851851852
525,0.15,162,0.820987654320988
526,0.15,162,0.790123456790123
527,0.15,162,0.82716049382716
528,0.15,162,0.845679012345679
529,0.15,162,0.851851851851852
530,0.15,162,0.808641975308642
531,0.15,162,0.820987654320988
532,0.15,162,0.820987654320988
533,0.15,162,0.808641975308642
534,0.15,162,0.833333333333333
535,0.15,162,0.845679012345679
536,0.15,162,0.814814814814815
537,0.15,162,0.808641975308642
538,0.15,162,0.845679012345679
539,0.15,162,0.820987654320988
540,0.15,162,0.82716049382716
541,0.15,162,0.82716049382716
542,0.15,162,0.814814814814815
543,0.15,162,0.833333333333333
544,0.15,162,0.839506172839506
545,0.15,162,0.814814814814815
546,0.15,162,0.814814814814815
547,0.15,162,0.864197530864198
548,0.15,162,0.82716049382716
549,0.15,162,0.808641975308642
550,0.15,162,0.851851851851852
551,0.15,162,0.814814814814815
552,0.15,162,0.833333333333333
553,0.15,162,0.851851851851852
554,0.15,162,0.820987654320988
555,0.15,162,0.808641975308642
556,0.15,162,0.839506172839506
557,0.15,162,0.820987654320988
558,0.15,162,0.814814814814815
559,0.15,162,0.808641975308642
560,0.15,162,0.833333333333333
561,0.15,162,0.808641975308642
562,0.15,162,0.814814814814815
563,0.15,162,0.820987654320988
564,0.15,162,0.796296296296296
565,0.15,162,0.851851851851852
566,0.15,162,0.808641975308642
567,0.15,162,0.833333333333333
568,0.15,162,0.796296296296296
569,0.15,162,0.82716049382716
570,0.15,162,0.82716049382716
571,0.15,162,0.839506172839506
572,0.15,162,0.814814814814815
573,0.15,162,0.82716049382716
574,0.15,162,0.839506172839506
575,0.15,162,0.82716049382716
576,0.15,162,0.814814814814815
577,0.15,162,0.820987654320988
578,0.15,162,0.833333333333333
579,0.15,162,0.820987654320988
580,0.15,162,0.814814814814815
581,0.15,162,0.833333333333333
582,0.15,162,0.814814814814815
583,0.15,162,0.820987654320988
584,0.15,162,0.808641975308642
585,0.15,162,0.851851851851852
586,0.15,162,0.82716049382716
587,0.15,162,0.82716049382716
588,0.15,162,0.82716049382716
589,0.15,162,0.851851851851852
590,0.15,162,0.833333333333333
591,0.15,162,0.796296296296296
592,0.15,162,0.839506172839506
593,0.15,162,0.790123456790123
594,0.15,162,0.833333333333333
595,0.15,162,0.82716049382716
596,0.15,162,0.833333333333333
597,0.15,162,0.839506172839506
598,0.15,162,0.839506172839506
599,0.15,162,0.82716049382716
600,0.15,162,0.845679012345679
601,0.15,162,0.808641975308642
602,0.15,162,0.82716049382716
603,0.15,162,0.833333333333333
604,0.15,162,0.864197530864198
605,0.15,162,0.796296296296296
606,0.15,162,0.820987654320988
607,0.15,162,0.833333333333333
608,0.15,162,0.820987654320988
609,0.15,162,0.808641975308642
610,0.15,162,0.82716049382716
611,0.15,162,0.814814814814815
612,0.15,162,0.814814814814815
613,0.15,162,0.820987654320988
614,0.15,162,0.82716049382716
615,0.15,162,0.839506172839506
616,0.15,162,0.808641975308642
617,0.15,162,0.82716049382716
618,0.15,162,0.808641975308642
619,0.15,162,0.839506172839506
620,0.15,162,0.833333333333333
621,0.15,162,0.82716049382716
622,0.15,162,0.833333333333333
623,0.15,162,0.82716049382716
624,0.15,162,0.864197530864198
625,0.15,162,0.839506172839506
626,0.15,162,0.814814814814815
627,0.15,162,0.839506172839506
628,0.15,162,0.820987654320988
629,0.15,162,0.839506172839506
630,0.15,162,0.839506172839506
631,0.15,162,0.845679012345679
632,0.15,162,0.845679012345679
633,0.15,162,0.839506172839506
634,0.15,162,0.808641975308642
635,0.15,162,0.802469135802469
636,0.15,162,0.851851851851852
637,0.15,162,0.820987654320988
638,0.15,162,0.808641975308642
639,0.15,162,0.845679012345679
640,0.15,162,0.802469135802469
641,0.15,162,0.814814814814815
642,0.15,162,0.796296296296296
643,0.15,162,0.820987654320988
644,0.15,162,0.845679012345679
645,0.15,162,0.808641975308642
646,0.15,162,0.808641975308642
647,0.15,162,0.833333333333333
648,0.15,162,0.833333333333333
649,0.15,162,0.82716049382716
650,0.15,162,0.845679012345679
651,0.15,162,0.82716049382716
652,0.15,162,0.845679012345679
653,0.15,162,0.833333333333333
654,0.15,162,0.833333333333333
655,0.15,162,0.808641975308642
656,0.15,162,0.833333333333333
657,0.15,162,0.839506172839506
658,0.15,162,0.833333333333333
659,0.15,162,0.796296296296296
660,0.15,162,0.833333333333333
661,0.15,162,0.808641975308642
662,0.15,162,0.839506172839506
663,0.15,162,0.833333333333333
664,0.15,162,0.814814814814815
665,0.15,162,0.833333333333333
666,0.15,162,0.814814814814815
667,0.15,162,0.820987654320988
668,0.15,162,0.839506172839506
669,0.15,162,0.833333333333333
670,0.15,162,0.839506172839506
671,0.15,162,0.820987654320988
672,0.15,162,0.833333333333333
673,0.15,162,0.814814814814815
674,0.15,162,0.802469135802469
675,0.15,162,0.820987654320988
676,0.15,162,0.845679012345679
677,0.15,162,0.814814814814815
678,0.15,162,0.845679012345679
679,0.15,162,0.833333333333333
680,0.15,162,0.82716049382716
681,0.15,162,0.814814814814815
682,0.15,162,0.820987654320988
683,0.15,162,0.82716049382716
684,0.15,162,0.820987654320988
685,0.15,162,0.820987654320988
686,0.15,162,0.814814814814815
687,0.15,162,0.839506172839506
688,0.15,162,0.820987654320988
689,0.15,162,0.833333333333333
690,0.15,162,0.864197530864198
691,0.15,162,0.808641975308642
692,0.15,162,0.858024691358025
693,0.15,162,0.851851851851852
694,0.15,162,0.82716049382716
695,0.15,162,0.82716049382716
696,0.15,162,0.808641975308642
697,0.15,162,0.833333333333333
698,0.15,162,0.814814814814815
699,0.15,162,0.814814814814815
700,0.15,162,0.864197530864198
701,0.15,162,0.820987654320988
702,0.15,162,0.802469135802469
703,0.15,162,0.858024691358025
704,0.15,162,0.833333333333333
705,0.15,162,0.845679012345679
706,0.15,162,0.845679012345679
707,0.15,162,0.864197530864198
708,0.15,162,0.820987654320988
709,0.15,162,0.82716049382716
710,0.15,162,0.814814814814815
711,0.15,162,0.802469135802469
712,0.15,162,0.845679012345679
713,0.15,162,0.82716049382716
714,0.15,162,0.820987654320988
715,0.15,162,0.808641975308642
716,0.15,162,0.845679012345679
717,0.15,162,0.814814814814815
718,0.15,162,0.845679012345679
719,0.15,162,0.820987654320988
720,0.15,162,0.808641975308642
721,0.15,162,0.82716049382716
722,0.15,162,0.802469135802469
723,0.15,162,0.82716049382716
724,0.15,162,0.814814814814815
725,0.15,162,0.802469135802469
726,0.15,162,0.864197530864198
727,0.15,162,0.82716049382716
728,0.15,162,0.820987654320988
729,0.15,162,0.820987654320988
730,0.15,162,0.833333333333333
731,0.15,162,0.839506172839506
732,0.15,162,0.833333333333333
733,0.15,162,0.845679012345679
734,0.15,162,0.820987654320988
735,0.15,162,0.820987654320988
736,0.15,162,0.814814814814815
737,0.15,162,0.833333333333333
738,0.15,162,0.820987654320988
739,0.15,162,0.814814814814815
740,0.15,162,0.808641975308642
741,0.15,162,0.833333333333333
742,0.15,162,0.814814814814815
743,0.15,162,0.839506172839506
744,0.15,162,0.820987654320988
745,0.15,162,0.796296296296296
746,0.15,162,0.858024691358025
747,0.15,162,0.833333333333333
748,0.15,162,0.820987654320988
749,0.15,162,0.833333333333333
750,0.15,162,0.802469135802469
751,0.15,162,0.833333333333333
752,0.15,162,0.839506172839506
753,0.15,162,0.814814814814815
754,0.15,162,0.833333333333333
755,0.15,162,0.82716049382716
756,0.15,162,0.845679012345679
757,0.15,162,0.858024691358025
758,0.15,162,0.820987654320988
759,0.15,162,0.82716049382716
760,0.15,162,0.820987654320988
761,0.15,162,0.82716049382716
762,0.15,162,0.814814814814815
763,0.15,162,0.814814814814815
764,0.15,162,0.808641975308642
765,0.15,162,0.820987654320988
766,0.15,162,0.808641975308642
767,0.15,162,0.808641975308642
768,0.15,162,0.839506172839506
769,0.15,162,0.814814814814815
770,0.15,162,0.820987654320988
771,0.15,162,0.82716049382716
772,0.15,162,0.820987654320988
773,0.15,162,0.845679012345679
774,0.15,162,0.82716049382716
775,0.15,162,0.858024691358025
776,0.15,162,0.814814814814815
777,0.15,162,0.839506172839506
778,0.15,162,0.833333333333333
779,0.15,162,0.820987654320988
780,0.15,162,0.833333333333333
781,0.15,162,0.839506172839506
782,0.15,162,0.82716049382716
783,0.15,162,0.820987654320988
784,0.15,162,0.82716049382716
785,0.15,162,0.845679012345679
786,0.15,162,0.796296296296296
787,0.15,162,0.858024691358025
788,0.15,162,0.820987654320988
789,0.15,162,0.808641975308642
790,0.15,162,0.839506172839506
791,0.15,162,0.833333333333333
792,0.15,162,0.82716049382716
793,0.15,162,0.820987654320988
794,0.15,162,0.814814814814815
795,0.15,162,0.833333333333333
796,0.15,162,0.833333333333333
797,0.15,162,0.851851851851852
798,0.15,162,0.839506172839506
799,0.15,162,0.839506172839506
800,0.15,162,0.833333333333333
801,0.15,162,0.820987654320988
802,0.15,162,0.820987654320988
803,0.15,162,0.851851851851852
804,0.15,162,0.820987654320988
805,0.15,162,0.814814814814815
806,0.15,162,0.851851851851852
807,0.15,162,0.820987654320988
808,0.15,162,0.82716049382716
809,0.15,162,0.814814814814815
810,0.15,162,0.802469135802469
811,0.15,162,0.82716049382716
812,0.15,162,0.833333333333333
813,0.15,162,0.802469135802469
814,0.15,162,0.808641975308642
815,0.15,162,0.82716049382716
816,0.15,162,0.82716049382716
817,0.15,162,0.839506172839506
818,0.15,162,0.820987654320988
819,0.15,162,0.820987654320988
820,0.15,162,0.839506172839506
821,0.15,162,0.808641975308642
822,0.15,162,0.82716049382716
823,0.15,162,0.845679012345679
824,0.15,162,0.802469135802469
825,0.15,162,0.845679012345679
826,0.15,162,0.851851851851852
827,0.15,162,0.839506172839506
828,0.15,162,0.790123456790123
829,0.15,162,0.833333333333333
830,0.15,162,0.820987654320988
831,0.15,162,0.845679012345679
832,0.15,162,0.808641975308642
833,0.15,162,0.82716049382716
834,0.15,162,0.802469135802469
835,0.15,162,0.833333333333333
836,0.15,162,0.802469135802469
837,0.15,162,0.82716049382716
838,0.15,162,0.820987654320988
839,0.15,162,0.851851851851852
840,0.15,162,0.839506172839506
841,0.15,162,0.808641975308642
842,0.15,162,0.839506172839506
843,0.15,162,0.808641975308642
844,0.15,162,0.839506172839506
845,0.15,162,0.820987654320988
846,0.15,162,0.814814814814815
847,0.15,162,0.839506172839506
848,0.15,162,0.82716049382716
849,0.15,162,0.845679012345679
850,0.15,162,0.820987654320988
851,0.15,162,0.814814814814815
852,0.15,162,0.839506172839506
853,0.15,162,0.82716049382716
854,0.15,162,0.839506172839506
855,0.15,162,0.833333333333333
856,0.15,162,0.833333333333333
857,0.15,162,0.858024691358025
858,0.15,162,0.796296296296296
859,0.15,162,0.839506172839506
860,0.15,162,0.839506172839506
861,0.15,162,0.796296296296296
862,0.15,162,0.82716049382716
863,0.15,162,0.833333333333333
864,0.15,162,0.820987654320988
865,0.15,162,0.833333333333333
866,0.15,162,0.802469135802469
867,0.15,162,0.802469135802469
868,0.15,162,0.845679012345679
869,0.15,162,0.820987654320988
870,0.15,162,0.833333333333333
871,0.15,162,0.839506172839506
872,0.15,162,0.820987654320988
873,0.15,162,0.802469135802469
874,0.15,162,0.808641975308642
875,0.15,162,0.802469135802469
876,0.15,162,0.820987654320988
877,0.15,162,0.82716049382716
878,0.15,162,0.82716049382716
879,0.15,162,0.820987654320988
880,0.15,162,0.82716049382716
881,0.15,162,0.814814814814815
882,0.15,162,0.839506172839506
883,0.15,162,0.814814814814815
884,0.15,162,0.820987654320988
885,0.15,162,0.814814814814815
886,0.15,162,0.858024691358025
887,0.15,162,0.820987654320988
888,0.15,162,0.790123456790123
889,0.15,162,0.820987654320988
890,0.15,162,0.833333333333333
891,0.15,162,0.790123456790123
892,0.15,162,0.833333333333333
893,0.15,162,0.814814814814815
894,0.15,162,0.802469135802469
895,0.15,162,0.820987654320988
896,0.15,162,0.82716049382716
897,0.15,162,0.814814814814815
898,0.15,162,0.814814814814815
899,0.15,162,0.820987654320988
900,0.15,162,0.802469135802469
901,0.15,162,0.833333333333333
902,0.15,162,0.82716049382716
903,0.15,162,0.82716049382716
904,0.15,162,0.820987654320988
905,0.15,162,0.839506172839506
906,0.15,162,0.820987654320988
907,0.15,162,0.845679012345679
908,0.15,162,0.808641975308642
909,0.15,162,0.802469135802469
910,0.15,162,0.802469135802469
911,0.15,162,0.820987654320988
912,0.15,162,0.808641975308642
913,0.15,162,0.833333333333333
914,0.15,162,0.833333333333333
915,0.15,162,0.808641975308642
916,0.15,162,0.839506172839506
917,0.15,162,0.833333333333333
918,0.15,162,0.851851851851852
919,0.15,162,0.858024691358025
920,0.15,162,0.808641975308642
921,0.15,162,0.820987654320988
922,0.15,162,0.833333333333333
923,0.15,162,0.839506172839506
924,0.15,162,0.820987654320988
925,0.15,162,0.820987654320988
926,0.15,162,0.82716049382716
927,0.15,162,0.808641975308642
928,0.15,162,0.82716049382716
929,0.15,162,0.845679012345679
930,0.15,162,0.82716049382716
931,0.15,162,0.851851851851852
932,0.15,162,0.814814814814815
933,0.15,162,0.808641975308642
934,0.15,162,0.808641975308642
935,0.15,162,0.833333333333333
936,0.15,162,0.845679012345679
937,0.15,162,0.833333333333333
938,0.15,162,0.814814814814815
939,0.15,162,0.845679012345679
940,0.15,162,0.82716049382716
941,0.15,162,0.833333333333333
942,0.15,162,0.82716049382716
943,0.15,162,0.808641975308642
944,0.15,162,0.845679012345679
945,0.15,162,0.839506172839506
946,0.15,162,0.820987654320988
947,0.15,162,0.82716049382716
948,0.15,162,0.82716049382716
949,0.15,162,0.82716049382716
950,0.15,162,0.82716049382716
951,0.15,162,0.845679012345679
952,0.15,162,0.845679012345679
953,0.15,162,0.820987654320988
954,0.15,162,0.820987654320988
955,0.15,162,0.820987654320988
956,0.15,162,0.802469135802469
957,0.15,162,0.82716049382716
958,0.15,162,0.790123456790123
959,0.15,162,0.858024691358025
960,0.15,162,0.802469135802469
961,0.15,162,0.808641975308642
962,0.15,162,0.820987654320988
963,0.15,162,0.814814814814815
964,0.15,162,0.808641975308642
965,0.15,162,0.851851851851852
966,0.15,162,0.808641975308642
967,0.15,162,0.839506172839506
968,0.15,162,0.808641975308642
969,0.15,162,0.82716049382716
970,0.15,162,0.82716049382716
971,0.15,162,0.82716049382716
972,0.15,162,0.82716049382716
973,0.15,162,0.82716049382716
974,0.15,162,0.839506172839506
975,0.15,162,0.820987654320988
976,0.15,162,0.820987654320988
977,0.15,162,0.820987654320988
978,0.15,162,0.82716049382716
979,0.15,162,0.814814814814815
980,0.15,162,0.82716049382716
981,0.15,162,0.82716049382716
982,0.15,162,0.802469135802469
983,0.15,162,0.858024691358025
984,0.15,162,0.820987654320988
985,0.15,162,0.796296296296296
986,0.15,162,0.833333333333333
987,0.15,162,0.808641975308642
988,0.15,162,0.845679012345679
989,0.15,162,0.820987654320988
990,0.15,162,0.814814814814815
991,0.15,162,0.82716049382716
992,0.15,162,0.833333333333333
993,0.15,162,0.839506172839506
994,0.15,162,0.796296296296296
995,0.15,162,0.808641975308642
996,0.15,162,0.820987654320988
997,0.15,162,0.82716049382716
998,0.15,162,0.814814814814815
999,0.15,162,0.833333333333333
1000,0.15,162,0.858024691358025
1,0.2,162,0.808641975308642
2,0.2,162,0.771604938271605
3,0.2,162,0.771604938271605
4,0.2,162,0.802469135802469
5,0.2,162,0.802469135802469
6,0.2,162,0.777777777777778
7,0.2,162,0.771604938271605
8,0.2,162,0.814814814814815
9,0.2,162,0.765432098765432
10,0.2,162,0.759259259259259
11,0.2,162,0.777777777777778
12,0.2,162,0.777777777777778
13,0.2,162,0.790123456790123
14,0.2,162,0.771604938271605
15,0.2,162,0.777777777777778
16,0.2,162,0.808641975308642
17,0.2,162,0.759259259259259
18,0.2,162,0.783950617283951
19,0.2,162,0.777777777777778
20,0.2,162,0.771604938271605
21,0.2,162,0.771604938271605
22,0.2,162,0.759259259259259
23,0.2,162,0.790123456790123
24,0.2,162,0.802469135802469
25,0.2,162,0.753086419753086
26,0.2,162,0.759259259259259
27,0.2,162,0.759259259259259
28,0.2,162,0.777777777777778
29,0.2,162,0.771604938271605
30,0.2,162,0.790123456790123
31,0.2,162,0.753086419753086
32,0.2,162,0.759259259259259
33,0.2,162,0.753086419753086
34,0.2,162,0.783950617283951
35,0.2,162,0.808641975308642
36,0.2,162,0.790123456790123
37,0.2,162,0.771604938271605
38,0.2,162,0.790123456790123
39,0.2,162,0.790123456790123
40,0.2,162,0.777777777777778
41,0.2,162,0.765432098765432
42,0.2,162,0.765432098765432
43,0.2,162,0.790123456790123
44,0.2,162,0.814814814814815
45,0.2,162,0.783950617283951
46,0.2,162,0.759259259259259
47,0.2,162,0.814814814814815
48,0.2,162,0.808641975308642
49,0.2,162,0.790123456790123
50,0.2,162,0.808641975308642
51,0.2,162,0.765432098765432
52,0.2,162,0.777777777777778
53,0.2,162,0.790123456790123
54,0.2,162,0.802469135802469
55,0.2,162,0.777777777777778
56,0.2,162,0.790123456790123
57,0.2,162,0.783950617283951
58,0.2,162,0.783950617283951
59,0.2,162,0.777777777777778
60,0.2,162,0.796296296296296
61,0.2,162,0.759259259259259
62,0.2,162,0.759259259259259
63,0.2,162,0.790123456790123
64,0.2,162,0.771604938271605
65,0.2,162,0.796296296296296
66,0.2,162,0.790123456790123
67,0.2,162,0.783950617283951
68,0.2,162,0.759259259259259
69,0.2,162,0.777777777777778
70,0.2,162,0.802469135802469
71,0.2,162,0.777777777777778
72,0.2,162,0.777777777777778
73,0.2,162,0.777777777777778
74,0.2,162,0.808641975308642
75,0.2,162,0.759259259259259
76,0.2,162,0.765432098765432
77,0.2,162,0.796296296296296
78,0.2,162,0.777777777777778
79,0.2,162,0.771604938271605
80,0.2,162,0.777777777777778
81,0.2,162,0.796296296296296
82,0.2,162,0.771604938271605
83,0.2,162,0.777777777777778
84,0.2,162,0.753086419753086
85,0.2,162,0.796296296296296
86,0.2,162,0.802469135802469
87,0.2,162,0.802469135802469
88,0.2,162,0.796296296296296
89,0.2,162,0.820987654320988
90,0.2,162,0.777777777777778
91,0.2,162,0.777777777777778
92,0.2,162,0.820987654320988
93,0.2,162,0.746913580246914
94,0.2,162,0.783950617283951
95,0.2,162,0.783950617283951
96,0.2,162,0.802469135802469
97,0.2,162,0.796296296296296
98,0.2,162,0.790123456790123
99,0.2,162,0.796296296296296
100,0.2,162,0.771604938271605
101,0.2,162,0.783950617283951
102,0.2,162,0.759259259259259
103,0.2,162,0.790123456790123
104,0.2,162,0.790123456790123
105,0.2,162,0.765432098765432
106,0.2,162,0.753086419753086
107,0.2,162,0.808641975308642
108,0.2,162,0.783950617283951
109,0.2,162,0.777777777777778
110,0.2,162,0.783950617283951
111,0.2,162,0.790123456790123
112,0.2,162,0.790123456790123
113,0.2,162,0.771604938271605
114,0.2,162,0.771604938271605
115,0.2,162,0.796296296296296
116,0.2,162,0.759259259259259
117,0.2,162,0.790123456790123
118,0.2,162,0.771604938271605
119,0.2,162,0.783950617283951
120,0.2,162,0.790123456790123
121,0.2,162,0.802469135802469
122,0.2,162,0.783950617283951
123,0.2,162,0.790123456790123
124,0.2,162,0.802469135802469
125,0.2,162,0.790123456790123
126,0.2,162,0.771604938271605
127,0.2,162,0.790123456790123
128,0.2,162,0.777777777777778
129,0.2,162,0.771604938271605
130,0.2,162,0.796296296296296
131,0.2,162,0.802469135802469
132,0.2,162,0.808641975308642
133,0.2,162,0.833333333333333
134,0.2,162,0.753086419753086
135,0.2,162,0.796296296296296
136,0.2,162,0.820987654320988
137,0.2,162,0.790123456790123
138,0.2,162,0.759259259259259
139,0.2,162,0.814814814814815
140,0.2,162,0.777777777777778
141,0.2,162,0.796296296296296
142,0.2,162,0.771604938271605
143,0.2,162,0.783950617283951
144,0.2,162,0.777777777777778
145,0.2,162,0.753086419753086
146,0.2,162,0.783950617283951
147,0.2,162,0.783950617283951
148,0.2,162,0.783950617283951
149,0.2,162,0.771604938271605
150,0.2,162,0.790123456790123
151,0.2,162,0.790123456790123
152,0.2,162,0.808641975308642
153,0.2,162,0.783950617283951
154,0.2,162,0.771604938271605
155,0.2,162,0.765432098765432
156,0.2,162,0.796296296296296
157,0.2,162,0.771604938271605
158,0.2,162,0.790123456790123
159,0.2,162,0.753086419753086
160,0.2,162,0.796296296296296
161,0.2,162,0.771604938271605
162,0.2,162,0.802469135802469
163,0.2,162,0.790123456790123
164,0.2,162,0.765432098765432
165,0.2,162,0.777777777777778
166,0.2,162,0.783950617283951
167,0.2,162,0.771604938271605
168,0.2,162,0.820987654320988
169,0.2,162,0.783950617283951
170,0.2,162,0.796296296296296
171,0.2,162,0.790123456790123
172,0.2,162,0.802469135802469
173,0.2,162,0.783950617283951
174,0.2,162,0.771604938271605
175,0.2,162,0.777777777777778
176,0.2,162,0.790123456790123
177,0.2,162,0.771604938271605
178,0.2,162,0.790123456790123
179,0.2,162,0.783950617283951
180,0.2,162,0.796296296296296
181,0.2,162,0.790123456790123
182,0.2,162,0.790123456790123
183,0.2,162,0.777777777777778
184,0.2,162,0.783950617283951
185,0.2,162,0.790123456790123
186,0.2,162,0.759259259259259
187,0.2,162,0.802469135802469
188,0.2,162,0.777777777777778
189,0.2,162,0.796296296296296
190,0.2,162,0.802469135802469
191,0.2,162,0.753086419753086
192,0.2,162,0.783950617283951
193,0.2,162,0.777777777777778
194,0.2,162,0.796296296296296
195,0.2,162,0.771604938271605
196,0.2,162,0.759259259259259
197,0.2,162,0.777777777777778
198,0.2,162,0.759259259259259
199,0.2,162,0.783950617283951
200,0.2,162,0.796296296296296
201,0.2,162,0.783950617283951
202,0.2,162,0.765432098765432
203,0.2,162,0.783950617283951
204,0.2,162,0.777777777777778
205,0.2,162,0.771604938271605
206,0.2,162,0.790123456790123
207,0.2,162,0.796296296296296
208,0.2,162,0.765432098765432
209,0.2,162,0.777777777777778
210,0.2,162,0.753086419753086
211,0.2,162,0.753086419753086
212,0.2,162,0.783950617283951
213,0.2,162,0.771604938271605
214,0.2,162,0.777777777777778
215,0.2,162,0.777777777777778
216,0.2,162,0.796296296296296
217,0.2,162,0.765432098765432
218,0.2,162,0.759259259259259
219,0.2,162,0.802469135802469
220,0.2,162,0.777777777777778
221,0.2,162,0.790123456790123
222,0.2,162,0.771604938271605
223,0.2,162,0.790123456790123
224,0.2,162,0.783950617283951
225,0.2,162,0.771604938271605
226,0.2,162,0.820987654320988
227,0.2,162,0.790123456790123
228,0.2,162,0.783950617283951
229,0.2,162,0.753086419753086
230,0.2,162,0.802469135802469
231,0.2,162,0.783950617283951
232,0.2,162,0.783950617283951
233,0.2,162,0.790123456790123
234,0.2,162,0.771604938271605
235,0.2,162,0.777777777777778
236,0.2,162,0.753086419753086
237,0.2,162,0.753086419753086
238,0.2,162,0.759259259259259
239,0.2,162,0.753086419753086
240,0.2,162,0.771604938271605
241,0.2,162,0.814814814814815
242,0.2,162,0.765432098765432
243,0.2,162,0.796296296296296
244,0.2,162,0.777777777777778
245,0.2,162,0.753086419753086
246,0.2,162,0.820987654320988
247,0.2,162,0.802469135802469
248,0.2,162,0.783950617283951
249,0.2,162,0.783950617283951
250,0.2,162,0.790123456790123
251,0.2,162,0.796296296296296
252,0.2,162,0.814814814814815
253,0.2,162,0.783950617283951
254,0.2,162,0.790123456790123
255,0.2,162,0.802469135802469
256,0.2,162,0.802469135802469
257,0.2,162,0.783950617283951
258,0.2,162,0.771604938271605
259,0.2,162,0.808641975308642
260,0.2,162,0.777777777777778
261,0.2,162,0.802469135802469
262,0.2,162,0.771604938271605
263,0.2,162,0.783950617283951
264,0.2,162,0.783950617283951
265,0.2,162,0.790123456790123
266,0.2,162,0.783950617283951
267,0.2,162,0.753086419753086
268,0.2,162,0.796296296296296
269,0.2,162,0.765432098765432
270,0.2,162,0.777777777777778
271,0.2,162,0.783950617283951
272,0.2,162,0.771604938271605
273,0.2,162,0.783950617283951
274,0.2,162,0.790123456790123
275,0.2,162,0.802469135802469
276,0.2,162,0.783950617283951
277,0.2,162,0.765432098765432
278,0.2,162,0.777777777777778
279,0.2,162,0.783950617283951
280,0.2,162,0.777777777777778
281,0.2,162,0.790123456790123
282,0.2,162,0.790123456790123
283,0.2,162,0.771604938271605
284,0.2,162,0.790123456790123
285,0.2,162,0.783950617283951
286,0.2,162,0.753086419753086
287,0.2,162,0.802469135802469
288,0.2,162,0.777777777777778
289,0.2,162,0.790123456790123
290,0.2,162,0.783950617283951
291,0.2,162,0.796296296296296
292,0.2,162,0.796296296296296
293,0.2,162,0.814814814814815
294,0.2,162,0.796296296296296
295,0.2,162,0.790123456790123
296,0.2,162,0.771604938271605
297,0.2,162,0.790123456790123
298,0.2,162,0.814814814814815
299,0.2,162,0.765432098765432
300,0.2,162,0.783950617283951
301,0.2,162,0.802469135802469
302,0.2,162,0.777777777777778
303,0.2,162,0.802469135802469
304,0.2,162,0.783950617283951
305,0.2,162,0.759259259259259
306,0.2,162,0.765432098765432
307,0.2,162,0.765432098765432
308,0.2,162,0.753086419753086
309,0.2,162,0.759259259259259
310,0.2,162,0.746913580246914
311,0.2,162,0.790123456790123
312,0.2,162,0.802469135802469
313,0.2,162,0.783950617283951
314,0.2,162,0.783950617283951
315,0.2,162,0.771604938271605
316,0.2,162,0.777777777777778
317,0.2,162,0.777777777777778
318,0.2,162,0.802469135802469
319,0.2,162,0.771604938271605
320,0.2,162,0.796296296296296
321,0.2,162,0.753086419753086
322,0.2,162,0.759259259259259
323,0.2,162,0.790123456790123
324,0.2,162,0.771604938271605
325,0.2,162,0.802469135802469
326,0.2,162,0.808641975308642
327,0.2,162,0.802469135802469
328,0.2,162,0.753086419753086
329,0.2,162,0.765432098765432
330,0.2,162,0.765432098765432
331,0.2,162,0.796296296296296
332,0.2,162,0.753086419753086
333,0.2,162,0.746913580246914
334,0.2,162,0.777777777777778
335,0.2,162,0.808641975308642
336,0.2,162,0.790123456790123
337,0.2,162,0.783950617283951
338,0.2,162,0.765432098765432
339,0.2,162,0.790123456790123
340,0.2,162,0.759259259259259
341,0.2,162,0.759259259259259
342,0.2,162,0.814814814814815
343,0.2,162,0.796296296296296
344,0.2,162,0.777777777777778
345,0.2,162,0.746913580246914
346,0.2,162,0.765432098765432
347,0.2,162,0.783950617283951
348,0.2,162,0.759259259259259
349,0.2,162,0.777777777777778
350,0.2,162,0.790123456790123
351,0.2,162,0.777777777777778
352,0.2,162,0.790123456790123
353,0.2,162,0.771604938271605
354,0.2,162,0.802469135802469
355,0.2,162,0.820987654320988
356,0.2,162,0.796296296296296
357,0.2,162,0.802469135802469
358,0.2,162,0.728395061728395
359,0.2,162,0.771604938271605
360,0.2,162,0.783950617283951
361,0.2,162,0.759259259259259
362,0.2,162,0.783950617283951
363,0.2,162,0.802469135802469
364,0.2,162,0.802469135802469
365,0.2,162,0.796296296296296
366,0.2,162,0.771604938271605
367,0.2,162,0.771604938271605
368,0.2,162,0.796296296296296
369,0.2,162,0.765432098765432
370,0.2,162,0.777777777777778
371,0.2,162,0.802469135802469
372,0.2,162,0.783950617283951
373,0.2,162,0.722222222222222
374,0.2,162,0.771604938271605
375,0.2,162,0.790123456790123
376,0.2,162,0.790123456790123
377,0.2,162,0.783950617283951
378,0.2,162,0.796296296296296
379,0.2,162,0.771604938271605
380,0.2,162,0.790123456790123
381,0.2,162,0.796296296296296
382,0.2,162,0.783950617283951
383,0.2,162,0.796296296296296
384,0.2,162,0.759259259259259
385,0.2,162,0.771604938271605
386,0.2,162,0.790123456790123
387,0.2,162,0.783950617283951
388,0.2,162,0.765432098765432
389,0.2,162,0.759259259259259
390,0.2,162,0.802469135802469
391,0.2,162,0.777777777777778
392,0.2,162,0.790123456790123
393,0.2,162,0.783950617283951
394,0.2,162,0.771604938271605
395,0.2,162,0.808641975308642
396,0.2,162,0.808641975308642
397,0.2,162,0.802469135802469
398,0.2,162,0.796296296296296
399,0.2,162,0.759259259259259
400,0.2,162,0.783950617283951
401,0.2,162,0.790123456790123
402,0.2,162,0.777777777777778
403,0.2,162,0.765432098765432
404,0.2,162,0.796296296296296
405,0.2,162,0.783950617283951
406,0.2,162,0.783950617283951
407,0.2,162,0.796296296296296
408,0.2,162,0.771604938271605
409,0.2,162,0.777777777777778
410,0.2,162,0.783950617283951
411,0.2,162,0.802469135802469
412,0.2,162,0.790123456790123
413,0.2,162,0.777777777777778
414,0.2,162,0.796296296296296
415,0.2,162,0.765432098765432
416,0.2,162,0.783950617283951
417,0.2,162,0.808641975308642
418,0.2,162,0.820987654320988
419,0.2,162,0.783950617283951
420,0.2,162,0.777777777777778
421,0.2,162,0.777777777777778
422,0.2,162,0.771604938271605
423,0.2,162,0.783950617283951
424,0.2,162,0.771604938271605
425,0.2,162,0.777777777777778
426,0.2,162,0.765432098765432
427,0.2,162,0.753086419753086
428,0.2,162,0.777777777777778
429,0.2,162,0.790123456790123
430,0.2,162,0.777777777777778
431,0.2,162,0.796296296296296
432,0.2,162,0.753086419753086
433,0.2,162,0.765432098765432
434,0.2,162,0.771604938271605
435,0.2,162,0.783950617283951
436,0.2,162,0.820987654320988
437,0.2,162,0.759259259259259
438,0.2,162,0.759259259259259
439,0.2,162,0.802469135802469
440,0.2,162,0.777777777777778
441,0.2,162,0.765432098765432
442,0.2,162,0.796296296296296
443,0.2,162,0.765432098765432
444,0.2,162,0.808641975308642
445,0.2,162,0.796296296296296
446,0.2,162,0.759259259259259
447,0.2,162,0.802469135802469
448,0.2,162,0.771604938271605
449,0.2,162,0.808641975308642
450,0.2,162,0.777777777777778
451,0.2,162,0.808641975308642
452,0.2,162,0.765432098765432
453,0.2,162,0.771604938271605
454,0.2,162,0.796296296296296
455,0.2,162,0.783950617283951
456,0.2,162,0.777777777777778
457,0.2,162,0.777777777777778
458,0.2,162,0.771604938271605
459,0.2,162,0.802469135802469
460,0.2,162,0.759259259259259
461,0.2,162,0.777777777777778
462,0.2,162,0.777777777777778
463,0.2,162,0.740740740740741
464,0.2,162,0.771604938271605
465,0.2,162,0.802469135802469
466,0.2,162,0.759259259259259
467,0.2,162,0.796296296296296
468,0.2,162,0.771604938271605
469,0.2,162,0.796296296296296
470,0.2,162,0.790123456790123
471,0.2,162,0.790123456790123
472,0.2,162,0.759259259259259
473,0.2,162,0.777777777777778
474,0.2,162,0.802469135802469
475,0.2,162,0.771604938271605
476,0.2,162,0.790123456790123
477,0.2,162,0.808641975308642
478,0.2,162,0.759259259259259
479,0.2,162,0.777777777777778
480,0.2,162,0.771604938271605
481,0.2,162,0.771604938271605
482,0.2,162,0.765432098765432
483,0.2,162,0.808641975308642
484,0.2,162,0.753086419753086
485,0.2,162,0.765432098765432
486,0.2,162,0.802469135802469
487,0.2,162,0.777777777777778
488,0.2,162,0.808641975308642
489,0.2,162,0.790123456790123
490,0.2,162,0.777777777777778
491,0.2,162,0.783950617283951
492,0.2,162,0.783950617283951
493,0.2,162,0.771604938271605
494,0.2,162,0.746913580246914
495,0.2,162,0.771604938271605
496,0.2,162,0.783950617283951
497,0.2,162,0.759259259259259
498,0.2,162,0.753086419753086
499,0.2,162,0.790123456790123
500,0.2,162,0.790123456790123
501,0.2,162,0.759259259259259
502,0.2,162,0.740740740740741
503,0.2,162,0.802469135802469
504,0.2,162,0.777777777777778
505,0.2,162,0.802469135802469
506,0.2,162,0.796296296296296
507,0.2,162,0.777777777777778
508,0.2,162,0.790123456790123
509,0.2,162,0.777777777777778
510,0.2,162,0.796296296296296
511,0.2,162,0.777777777777778
512,0.2,162,0.771604938271605
513,0.2,162,0.759259259259259
514,0.2,162,0.802469135802469
515,0.2,162,0.808641975308642
516,0.2,162,0.777777777777778
517,0.2,162,0.765432098765432
518,0.2,162,0.771604938271605
519,0.2,162,0.802469135802469
520,0.2,162,0.790123456790123
521,0.2,162,0.771604938271605
522,0.2,162,0.765432098765432
523,0.2,162,0.790123456790123
524,0.2,162,0.765432098765432
525,0.2,162,0.783950617283951
526,0.2,162,0.783950617283951
527,0.2,162,0.759259259259259
528,0.2,162,0.790123456790123
529,0.2,162,0.802469135802469
530,0.2,162,0.759259259259259
531,0.2,162,0.796296296296296
532,0.2,162,0.796296296296296
533,0.2,162,0.771604938271605
534,0.2,162,0.790123456790123
535,0.2,162,0.777777777777778
536,0.2,162,0.753086419753086
537,0.2,162,0.802469135802469
538,0.2,162,0.808641975308642
539,0.2,162,0.777777777777778
540,0.2,162,0.771604938271605
541,0.2,162,0.771604938271605
542,0.2,162,0.790123456790123
543,0.2,162,0.783950617283951
544,0.2,162,0.790123456790123
545,0.2,162,0.851851851851852
546,0.2,162,0.808641975308642
547,0.2,162,0.777777777777778
548,0.2,162,0.759259259259259
549,0.2,162,0.783950617283951
550,0.2,162,0.771604938271605
551,0.2,162,0.777777777777778
552,0.2,162,0.771604938271605
553,0.2,162,0.771604938271605
554,0.2,162,0.777777777777778
555,0.2,162,0.796296296296296
556,0.2,162,0.765432098765432
557,0.2,162,0.790123456790123
558,0.2,162,0.765432098765432
559,0.2,162,0.765432098765432
560,0.2,162,0.796296296296296
561,0.2,162,0.746913580246914
562,0.2,162,0.796296296296296
563,0.2,162,0.777777777777778
564,0.2,162,0.820987654320988
565,0.2,162,0.765432098765432
566,0.2,162,0.753086419753086
567,0.2,162,0.771604938271605
568,0.2,162,0.790123456790123
569,0.2,162,0.796296296296296
570,0.2,162,0.746913580246914
571,0.2,162,0.796296296296296
572,0.2,162,0.759259259259259
573,0.2,162,0.777777777777778
574,0.2,162,0.808641975308642
575,0.2,162,0.790123456790123
576,0.2,162,0.783950617283951
577,0.2,162,0.759259259259259
578,0.2,162,0.82716049382716
579,0.2,162,0.808641975308642
580,0.2,162,0.777777777777778
581,0.2,162,0.771604938271605
582,0.2,162,0.783950617283951
583,0.2,162,0.808641975308642
584,0.2,162,0.796296296296296
585,0.2,162,0.777777777777778
586,0.2,162,0.765432098765432
587,0.2,162,0.783950617283951
588,0.2,162,0.796296296296296
589,0.2,162,0.796296296296296
590,0.2,162,0.802469135802469
591,0.2,162,0.771604938271605
592,0.2,162,0.783950617283951
593,0.2,162,0.777777777777778
594,0.2,162,0.790123456790123
595,0.2,162,0.771604938271605
596,0.2,162,0.802469135802469
597,0.2,162,0.783950617283951
598,0.2,162,0.802469135802469
599,0.2,162,0.783950617283951
600,0.2,162,0.777777777777778
601,0.2,162,0.771604938271605
602,0.2,162,0.802469135802469
603,0.2,162,0.790123456790123
604,0.2,162,0.777777777777778
605,0.2,162,0.783950617283951
606,0.2,162,0.777777777777778
607,0.2,162,0.765432098765432
608,0.2,162,0.814814814814815
609,0.2,162,0.796296296296296
610,0.2,162,0.753086419753086
611,0.2,162,0.759259259259259
612,0.2,162,0.796296296296296
613,0.2,162,0.802469135802469
614,0.2,162,0.790123456790123
615,0.2,162,0.765432098765432
616,0.2,162,0.771604938271605
617,0.2,162,0.771604938271605
618,0.2,162,0.777777777777778
619,0.2,162,0.796296296296296
620,0.2,162,0.790123456790123
621,0.2,162,0.753086419753086
622,0.2,162,0.790123456790123
623,0.2,162,0.796296296296296
624,0.2,162,0.796296296296296
625,0.2,162,0.777777777777778
626,0.2,162,0.808641975308642
627,0.2,162,0.765432098765432
628,0.2,162,0.759259259259259
629,0.2,162,0.783950617283951
630,0.2,162,0.771604938271605
631,0.2,162,0.759259259259259
632,0.2,162,0.790123456790123
633,0.2,162,0.759259259259259
634,0.2,162,0.783950617283951
635,0.2,162,0.796296296296296
636,0.2,162,0.777777777777778
637,0.2,162,0.790123456790123
638,0.2,162,0.796296296296296
639,0.2,162,0.765432098765432
640,0.2,162,0.796296296296296
641,0.2,162,0.777777777777778
642,0.2,162,0.790123456790123
643,0.2,162,0.753086419753086
644,0.2,162,0.783950617283951
645,0.2,162,0.765432098765432
646,0.2,162,0.802469135802469
647,0.2,162,0.783950617283951
648,0.2,162,0.790123456790123
649,0.2,162,0.759259259259259
650,0.2,162,0.771604938271605
651,0.2,162,0.783950617283951
652,0.2,162,0.777777777777778
653,0.2,162,0.777777777777778
654,0.2,162,0.771604938271605
655,0.2,162,0.796296296296296
656,0.2,162,0.771604938271605
657,0.2,162,0.753086419753086
658,0.2,162,0.796296296296296
659,0.2,162,0.802469135802469
660,0.2,162,0.759259259259259
661,0.2,162,0.802469135802469
662,0.2,162,0.790123456790123
663,0.2,162,0.777777777777778
664,0.2,162,0.765432098765432
665,0.2,162,0.771604938271605
666,0.2,162,0.771604938271605
667,0.2,162,0.777777777777778
668,0.2,162,0.790123456790123
669,0.2,162,0.796296296296296
670,0.2,162,0.777777777777778
671,0.2,162,0.790123456790123
672,0.2,162,0.753086419753086
673,0.2,162,0.759259259259259
674,0.2,162,0.765432098765432
675,0.2,162,0.777777777777778
676,0.2,162,0.814814814814815
677,0.2,162,0.765432098765432
678,0.2,162,0.802469135802469
679,0.2,162,0.765432098765432
680,0.2,162,0.783950617283951
681,0.2,162,0.796296296296296
682,0.2,162,0.790123456790123
683,0.2,162,0.765432098765432
684,0.2,162,0.777777777777778
685,0.2,162,0.802469135802469
686,0.2,162,0.802469135802469
687,0.2,162,0.771604938271605
688,0.2,162,0.783950617283951
689,0.2,162,0.759259259259259
690,0.2,162,0.790123456790123
691,0.2,162,0.790123456790123
692,0.2,162,0.765432098765432
693,0.2,162,0.777777777777778
694,0.2,162,0.777777777777778
695,0.2,162,0.783950617283951
696,0.2,162,0.765432098765432
697,0.2,162,0.771604938271605
698,0.2,162,0.783950617283951
699,0.2,162,0.753086419753086
700,0.2,162,0.777777777777778
701,0.2,162,0.777777777777778
702,0.2,162,0.777777777777778
703,0.2,162,0.765432098765432
704,0.2,162,0.771604938271605
705,0.2,162,0.771604938271605
706,0.2,162,0.790123456790123
707,0.2,162,0.771604938271605
708,0.2,162,0.765432098765432
709,0.2,162,0.783950617283951
710,0.2,162,0.790123456790123
711,0.2,162,0.783950617283951
712,0.2,162,0.790123456790123
713,0.2,162,0.783950617283951
714,0.2,162,0.790123456790123
715,0.2,162,0.802469135802469
716,0.2,162,0.802469135802469
717,0.2,162,0.783950617283951
718,0.2,162,0.808641975308642
719,0.2,162,0.790123456790123
720,0.2,162,0.777777777777778
721,0.2,162,0.777777777777778
722,0.2,162,0.771604938271605
723,0.2,162,0.777777777777778
724,0.2,162,0.777777777777778
725,0.2,162,0.790123456790123
726,0.2,162,0.777777777777778
727,0.2,162,0.790123456790123
728,0.2,162,0.740740740740741
729,0.2,162,0.790123456790123
730,0.2,162,0.777777777777778
731,0.2,162,0.765432098765432
732,0.2,162,0.765432098765432
733,0.2,162,0.777777777777778
734,0.2,162,0.802469135802469
735,0.2,162,0.771604938271605
736,0.2,162,0.802469135802469
737,0.2,162,0.753086419753086
738,0.2,162,0.796296296296296
739,0.2,162,0.802469135802469
740,0.2,162,0.796296296296296
741,0.2,162,0.783950617283951
742,0.2,162,0.771604938271605
743,0.2,162,0.759259259259259
744,0.2,162,0.777777777777778
745,0.2,162,0.814814814814815
746,0.2,162,0.759259259259259
747,0.2,162,0.790123456790123
748,0.2,162,0.771604938271605
749,0.2,162,0.777777777777778
750,0.2,162,0.783950617283951
751,0.2,162,0.790123456790123
752,0.2,162,0.802469135802469
753,0.2,162,0.777777777777778
754,0.2,162,0.777777777777778
755,0.2,162,0.777777777777778
756,0.2,162,0.783950617283951
757,0.2,162,0.765432098765432
758,0.2,162,0.765432098765432
759,0.2,162,0.783950617283951
760,0.2,162,0.777777777777778
761,0.2,162,0.820987654320988
762,0.2,162,0.777777777777778
763,0.2,162,0.783950617283951
764,0.2,162,0.777777777777778
765,0.2,162,0.783950617283951
766,0.2,162,0.753086419753086
767,0.2,162,0.790123456790123
768,0.2,162,0.771604938271605
769,0.2,162,0.790123456790123
770,0.2,162,0.759259259259259
771,0.2,162,0.746913580246914
772,0.2,162,0.777777777777778
773,0.2,162,0.777777777777778
774,0.2,162,0.771604938271605
775,0.2,162,0.790123456790123
776,0.2,162,0.802469135802469
777,0.2,162,0.783950617283951
778,0.2,162,0.790123456790123
779,0.2,162,0.790123456790123
780,0.2,162,0.753086419753086
781,0.2,162,0.796296296296296
782,0.2,162,0.771604938271605
783,0.2,162,0.765432098765432
784,0.2,162,0.777777777777778
785,0.2,162,0.783950617283951
786,0.2,162,0.796296296296296
787,0.2,162,0.771604938271605
788,0.2,162,0.783950617283951
789,0.2,162,0.802469135802469
790,0.2,162,0.802469135802469
791,0.2,162,0.759259259259259
792,0.2,162,0.796296296296296
793,0.2,162,0.790123456790123
794,0.2,162,0.771604938271605
795,0.2,162,0.814814814814815
796,0.2,162,0.765432098765432
797,0.2,162,0.777777777777778
798,0.2,162,0.765432098765432
799,0.2,162,0.783950617283951
800,0.2,162,0.771604938271605
801,0.2,162,0.746913580246914
802,0.2,162,0.771604938271605
803,0.2,162,0.777777777777778
804,0.2,162,0.783950617283951
805,0.2,162,0.777777777777778
806,0.2,162,0.783950617283951
807,0.2,162,0.790123456790123
808,0.2,162,0.746913580246914
809,0.2,162,0.771604938271605
810,0.2,162,0.808641975308642
811,0.2,162,0.802469135802469
812,0.2,162,0.759259259259259
813,0.2,162,0.796296296296296
814,0.2,162,0.771604938271605
815,0.2,162,0.790123456790123
816,0.2,162,0.783950617283951
817,0.2,162,0.783950617283951
818,0.2,162,0.759259259259259
819,0.2,162,0.765432098765432
820,0.2,162,0.777777777777778
821,0.2,162,0.790123456790123
822,0.2,162,0.796296296296296
823,0.2,162,0.790123456790123
824,0.2,162,0.783950617283951
825,0.2,162,0.783950617283951
826,0.2,162,0.777777777777778
827,0.2,162,0.771604938271605
828,0.2,162,0.802469135802469
829,0.2,162,0.746913580246914
830,0.2,162,0.765432098765432
831,0.2,162,0.796296296296296
832,0.2,162,0.808641975308642
833,0.2,162,0.783950617283951
834,0.2,162,0.796296296296296
835,0.2,162,0.746913580246914
836,0.2,162,0.771604938271605
837,0.2,162,0.771604938271605
838,0.2,162,0.777777777777778
839,0.2,162,0.759259259259259
840,0.2,162,0.808641975308642
841,0.2,162,0.796296296296296
842,0.2,162,0.777777777777778
843,0.2,162,0.777777777777778
844,0.2,162,0.753086419753086
845,0.2,162,0.777777777777778
846,0.2,162,0.765432098765432
847,0.2,162,0.777777777777778
848,0.2,162,0.808641975308642
849,0.2,162,0.746913580246914
850,0.2,162,0.790123456790123
851,0.2,162,0.783950617283951
852,0.2,162,0.783950617283951
853,0.2,162,0.771604938271605
854,0.2,162,0.783950617283951
855,0.2,162,0.783950617283951
856,0.2,162,0.740740740740741
857,0.2,162,0.753086419753086
858,0.2,162,0.783950617283951
859,0.2,162,0.783950617283951
860,0.2,162,0.759259259259259
861,0.2,162,0.783950617283951
862,0.2,162,0.759259259259259
863,0.2,162,0.783950617283951
864,0.2,162,0.765432098765432
865,0.2,162,0.790123456790123
866,0.2,162,0.771604938271605
867,0.2,162,0.759259259259259
868,0.2,162,0.777777777777778
869,0.2,162,0.771604938271605
870,0.2,162,0.796296296296296
871,0.2,162,0.783950617283951
872,0.2,162,0.765432098765432
873,0.2,162,0.790123456790123
874,0.2,162,0.790123456790123
875,0.2,162,0.814814814814815
876,0.2,162,0.796296296296296
877,0.2,162,0.740740740740741
878,0.2,162,0.771604938271605
879,0.2,162,0.796296296296296
880,0.2,162,0.777777777777778
881,0.2,162,0.783950617283951
882,0.2,162,0.783950617283951
883,0.2,162,0.777777777777778
884,0.2,162,0.802469135802469
885,0.2,162,0.790123456790123
886,0.2,162,0.746913580246914
887,0.2,162,0.759259259259259
888,0.2,162,0.777777777777778
889,0.2,162,0.802469135802469
890,0.2,162,0.777777777777778
891,0.2,162,0.790123456790123
892,0.2,162,0.771604938271605
893,0.2,162,0.790123456790123
894,0.2,162,0.802469135802469
895,0.2,162,0.759259259259259
896,0.2,162,0.765432098765432
897,0.2,162,0.783950617283951
898,0.2,162,0.790123456790123
899,0.2,162,0.777777777777778
900,0.2,162,0.802469135802469
901,0.2,162,0.796296296296296
902,0.2,162,0.790123456790123
903,0.2,162,0.796296296296296
904,0.2,162,0.777777777777778
905,0.2,162,0.783950617283951
906,0.2,162,0.777777777777778
907,0.2,162,0.753086419753086
908,0.2,162,0.783950617283951
909,0.2,162,0.771604938271605
910,0.2,162,0.783950617283951
911,0.2,162,0.808641975308642
912,0.2,162,0.796296296296296
913,0.2,162,0.783950617283951
914,0.2,162,0.783950617283951
915,0.2,162,0.771604938271605
916,0.2,162,0.820987654320988
917,0.2,162,0.771604938271605
918,0.2,162,0.771604938271605
919,0.2,162,0.790123456790123
920,0.2,162,0.771604938271605
921,0.2,162,0.746913580246914
922,0.2,162,0.790123456790123
923,0.2,162,0.783950617283951
924,0.2,162,0.783950617283951
925,0.2,162,0.777777777777778
926,0.2,162,0.802469135802469
927,0.2,162,0.783950617283951
928,0.2,162,0.777777777777778
929,0.2,162,0.802469135802469
930,0.2,162,0.753086419753086
931,0.2,162,0.759259259259259
932,0.2,162,0.771604938271605
933,0.2,162,0.771604938271605
934,0.2,162,0.783950617283951
935,0.2,162,0.790123456790123
936,0.2,162,0.746913580246914
937,0.2,162,0.765432098765432
938,0.2,162,0.734567901234568
939,0.2,162,0.740740740740741
940,0.2,162,0.790123456790123
941,0.2,162,0.783950617283951
942,0.2,162,0.802469135802469
943,0.2,162,0.808641975308642
944,0.2,162,0.808641975308642
945,0.2,162,0.765432098765432
946,0.2,162,0.753086419753086
947,0.2,162,0.765432098765432
948,0.2,162,0.771604938271605
949,0.2,162,0.783950617283951
950,0.2,162,0.771604938271605
951,0.2,162,0.802469135802469
952,0.2,162,0.790123456790123
953,0.2,162,0.777777777777778
954,0.2,162,0.783950617283951
955,0.2,162,0.790123456790123
956,0.2,162,0.783950617283951
957,0.2,162,0.796296296296296
958,0.2,162,0.790123456790123
959,0.2,162,0.771604938271605
960,0.2,162,0.746913580246914
961,0.2,162,0.777777777777778
962,0.2,162,0.802469135802469
963,0.2,162,0.765432098765432
964,0.2,162,0.765432098765432
965,0.2,162,0.783950617283951
966,0.2,162,0.790123456790123
967,0.2,162,0.746913580246914
968,0.2,162,0.759259259259259
969,0.2,162,0.802469135802469
970,0.2,162,0.771604938271605
971,0.2,162,0.790123456790123
972,0.2,162,0.771604938271605
973,0.2,162,0.82716049382716
974,0.2,162,0.759259259259259
975,0.2,162,0.777777777777778
976,0.2,162,0.790123456790123
977,0.2,162,0.796296296296296
978,0.2,162,0.777777777777778
979,0.2,162,0.765432098765432
980,0.2,162,0.777777777777778
981,0.2,162,0.765432098765432
982,0.2,162,0.802469135802469
983,0.2,162,0.759259259259259
984,0.2,162,0.783950617283951
985,0.2,162,0.765432098765432
986,0.2,162,0.765432098765432
987,0.2,162,0.802469135802469
988,0.2,162,0.771604938271605
989,0.2,162,0.771604938271605
990,0.2,162,0.796296296296296
991,0.2,162,0.790123456790123
992,0.2,162,0.765432098765432
993,0.2,162,0.771604938271605
994,0.2,162,0.753086419753086
995,0.2,162,0.808641975308642
996,0.2,162,0.753086419753086
997,0.2,162,0.802469135802469
998,0.2,162,0.777777777777778
999,0.2,162,0.783950617283951
1000,0.2,162,0.790123456790123
