sim,method_2_lb,method_2_ub,method_3_lb,method_3_ub
1,-2.1863665633688,2.69308208601664,-2.57686448986207,2.56411076928956
2,-2.81525960462241,2.73877824317279,-2.59552772518999,2.56959229216912
3,-2.47519542040137,2.43910736444008,-2.59732387411295,2.56788702528553
4,-2.34704430883165,2.69308208601664,-2.57253677361455,2.56783872536112
5,-2.22841884018782,2.21121137303992,-2.61807178143409,2.57814388042506
6,-2.74724317403326,2.2670957048402,-2.5699545737334,2.49054217868383
7,-2.37683077659699,2.8452372905083,-2.58965452217223,2.60693551509482
8,-2.34773330263053,2.15390285264635,-2.57822098316319,2.58158225573894
9,-3.30477187510238,2.84808921692627,-2.62471881696219,2.53910269175326
10,-2.7727414719048,2.26569731938441,-2.6228147346913,2.52996385706295
11,-3.04046387310476,2.58266314837631,-2.59315159753617,2.56770691164402
12,-2.712988445911,2.59181198396546,-2.58961093972736,2.55196378128874
13,-2.13368462342051,2.3577345201767,-2.57819857556057,2.51297420889064
14,-2.35758126031472,2.35792342402693,-2.50843849184127,2.56512027438839
15,-2.67787357845532,2.15377083124625,-2.57325247119412,2.59256994412457
16,-2.60703537426842,2.35678657740958,-2.54261957889056,2.56675609210931
17,-2.1480582714567,2.22222846947858,-2.55243964857729,2.53408303452615
18,-2.73342261655335,2.51539974790006,-2.60415767723392,2.55317785474588
19,-2.69922740548435,2.26417247493219,-2.5814768700252,2.57328082773522
20,-2.45834535534669,2.45257945732295,-2.60704992344155,2.51297372875029
21,-2.6247658122906,2.45412773326505,-2.62140844561117,2.56623629789832
22,-2.52946283212638,2.95846163427699,-2.58688483058492,2.55019808993703
23,-2.55241311177528,2.51770215585219,-2.57310735196851,2.53408008183181
24,-2.7373432803929,2.48735542147983,-2.63066691281409,2.53908631605114
25,-1.92843983681404,2.24058851165864,-2.59204006928808,2.52506406534931
26,-2.25421967205948,2.21456877566233,-2.57304200173683,2.56411143155964
27,-2.63478049042287,2.86163231663962,-2.58701529457881,2.53413298241514
28,-2.48939387887229,2.50119188949849,-2.62146426803426,2.52663201180271
29,-2.27781713400648,2.72558874730197,-2.59735227837194,2.50138098306348
30,-2.4233650356905,2.1403933856579,-2.55641285025694,2.59699883377399
31,-2.16274216781942,2.01608467340304,-2.54268959360327,2.53908799037084
32,-2.4694341249635,2.52505002326621,-2.55895937146109,2.56687439198079
33,-2.1675332176641,2.33593476982302,-2.56812738988679,2.56627182364981
34,-2.70440785199402,2.90928518789233,-2.58148730174419,2.48756689191838
35,-2.31113921890214,2.63742934490139,-2.5538363341886,2.56777763389015
36,-2.50848195324914,2.66783230151057,-2.60367183404457,2.59188917802631
37,-2.54266962905603,3.09890009228677,-2.5895767988101,2.56553997929662
38,-1.98466924689107,2.54229916938866,-2.56627208838683,2.57945796693242
39,-2.56817943312044,2.35792342402693,-2.54961554093226,2.55895375327421
40,-3.04454993596621,3.10311295353443,-2.628396573462,2.55896040700025
41,-2.00928033012124,2.13767893571933,-2.59189851069673,2.55707345863089
42,-3.00925433435783,2.46584412016052,-2.58259328619276,2.56501165943068
43,-2.56817943312044,2.93953870282151,-2.58956486004593,2.56456060991909
44,-2.36203568885442,2.30559502026144,-2.62129872102587,2.56418650697691
45,-2.5955239402545,2.43300896512522,-2.59553224711125,2.56548787145721
46,-2.71337542855494,3.26307949972192,-2.60204848510099,2.49158564260986
47,-2.68401343582625,2.62220958486542,-2.54803599803512,2.5649658470953
48,-2.57680135021746,2.17737419427121,-2.58218223947786,2.56952160956026
49,-2.68881747349651,2.35484673207819,-2.58228913367554,2.5732523289401
50,-2.39930876827632,2.45508019234282,-2.56627749175707,2.54235168725515
51,-2.4233650356905,2.35484673207819,-2.58137182058396,2.56772952300056
52,-2.46817265468843,2.38609922253145,-2.58647759563522,2.60064031169943
53,-2.29879599250741,2.49806216440743,-2.55187984068057,2.53733171582775
54,-2.57303762474312,2.47179807002231,-2.61804482531936,2.56464028421055
55,-2.35758126031472,2.55457289486125,-2.55882912879214,2.54369720056577
56,-2.31018117565475,2.59256876580449,-2.59184979492147,2.56420060075676
57,-2.70996120362353,2.5649891273566,-2.53705978664784,2.56779328315386
58,-2.28790342485677,2.69485606158575,-2.57825319067877,2.53898220808839
59,-2.38154227083393,2.50821339865584,-2.59198293451869,2.55714047446527
60,-2.77875551118709,2.40489107106004,-2.60017357300687,2.53400565476035
61,-2.31660211888839,2.24058851165864,-2.58138065759753,2.55803307269775
62,-2.66372858105507,2.68389087218871,-2.5777583539163,2.56792684560293
63,-2.82024624795634,2.56683214577219,-2.63745140930928,2.59105652333385
64,-2.26537764041695,3.22715579558997,-2.63576790042302,2.52785137162371
65,-2.62620361587509,2.53397867560498,-2.62627720178456,2.56785083467518
66,-2.68318055875973,2.85550255087995,-2.5973471228459,2.56778744071074
67,-2.36717764527558,2.05284842640894,-2.59343162224219,2.50118427212502
68,-2.3264321066897,2.44978320690152,-2.56628620915313,2.53415305756179
69,-2.44160997983716,2.54096702878507,-2.52224295628411,2.56787401530393
70,-1.75798865937792,2.39655746130764,-2.59727924308569,2.54480852255368
71,-2.72895889467284,2.80314616764078,-2.64171580336536,2.59645843086136
72,-2.73607325764234,2.33387706097698,-2.54892309606087,2.52730846170639
73,-2.57246465757397,2.13490722528087,-2.58967180948825,2.59172539239863
74,-2.8681654895321,3.17991824104558,-2.58221015435144,2.53000058514136
75,-2.44718505585375,3.10444411804063,-2.57811908601108,2.55892539340169
76,-2.10582536989808,2.18013875177406,-2.64787795304992,2.60988614309447
77,-2.83603225450789,2.49153803571217,-2.62846992003395,2.57313531226043
78,-2.55890226590879,2.56462574907947,-2.62289256091297,2.56457405941261
79,-3.08569187844516,2.25898171020599,-2.59740828278849,2.59184010450293
80,-2.75971163558659,2.57619689950856,-2.56819903568806,2.59647960836275
81,-2.31467817205387,2.66783230151057,-2.55191390220609,2.56384526507491
82,-2.36203568885442,2.69590235564087,-2.55188945793157,2.59906048860819
83,-2.82293712204007,2.219864507551,-2.5919243024921,2.51777299364653
84,-2.59316214071115,1.95683393831143,-2.62637881661288,2.55798816835507
85,-2.74721312537869,2.52792110624431,-2.56628898147531,2.65638836842998
86,-2.26876098266064,2.48027397051038,-2.5836555102628,2.49816102522737
87,-2.83628544148379,2.45963455691835,-2.62910030678509,2.58160627972519
88,-2.56621073906078,2.53407197998275,-2.62540668039838,2.52796371995896
89,-2.47554871515838,2.55705548688167,-2.58362951628336,2.52725632962175
90,-2.19654730268281,2.59198854034799,-2.57769221370109,2.53392180888834
91,-2.88388833649071,2.56785744801754,-2.5662086822903,2.55702145820123
92,-2.54797169325455,2.37428940034749,-2.60374795093163,2.55894649898559
93,-3.20091317405562,2.58155017843264,-2.59342447321958,2.55790130260766
94,-2.19374888198804,2.29468815967526,-2.59162674429166,2.58297440741521
95,-2.87851867277697,1.99455187791005,-2.60366065304321,2.49805671475794
96,-2.48825168459283,2.08256855358791,-2.55384234046878,2.57630317608366
97,-2.72054105814129,2.24488847614277,-2.53865903273117,2.56952693200381
98,-2.55186228574746,2.33788374437743,-2.58965876625613,2.5650625546047
99,-2.11632670366556,2.35385955867258,-2.54794217353248,2.55011652017137
100,-2.63741479314804,2.55799332710928,-2.58966385488453,2.55316151298878
101,-2.94179297321604,2.46690832668307,-2.54825436465251,2.56387053559904
102,-2.30420500455865,2.47811847941562,-2.5768513478305,2.60063131132683
103,-2.25661763221069,2.39650457628804,-2.58139508023928,2.54097828664724
104,-2.64130263080639,2.56383179808301,-2.5489283607499,2.60047333559433
105,-2.59171325495699,1.97912061344734,-2.57770430228535,2.56464028421055
106,-2.82810529281331,2.18454565105906,-2.62625019778364,2.58273608242734
107,-2.77054744829301,2.43777741852888,-2.58966146876082,2.53401278297481
108,-2.27304817606056,2.48735542147983,-2.56617646477265,2.53906612497717
109,-2.77681707962598,2.45596308659495,-2.60362275737343,2.567858796142
110,-2.30061853008341,2.64131067217788,-2.62130973239649,2.57315690157376
111,-2.68644338606944,2.4212653844048,-2.61809738038578,2.56953503954637
112,-2.53873113834656,2.45508019234282,-2.58963090287231,2.51543789735552
113,-2.09035368104421,2.32893854031075,-2.54898665741585,2.56380303804055
114,-3.19700612853978,2.10954198717506,-2.51648066077817,2.55888625665274
115,-2.49367964440514,2.38847925472751,-2.55882544757397,2.56550053590687
116,-2.56994098553569,2.44978320690152,-2.57685099268454,2.56544609611558
117,-2.11525925123424,2.00856531644464,-2.60709424431712,2.47259626269719
118,-2.32978157145291,2.11864921137565,-2.53345528744594,2.56547145281747
119,-2.87851867277697,2.74417729971373,-2.58135282331146,2.55016933488099
120,-2.20645090416197,2.46459377183532,-2.59203583778715,2.54377036596607
121,-2.36973491182222,2.29496860315783,-2.58151336633299,2.51773131908424
122,-2.09035368104421,2.55190110194778,-2.55374665109328,2.55024513555024
123,-2.79807527307151,2.11769726237952,-2.58256898561006,2.56776202139114
124,-2.76099972784459,2.26385672142676,-2.61997351698462,2.57327841301514
125,-2.02855749633828,2.52792110624431,-2.57682120037026,2.60030036224215
126,-2.86142477327503,2.38733186202171,-2.58264062013188,2.53726386355856
127,-2.31660211888839,2.1500377867625,-2.57329872527545,2.51772096162427
128,-1.88796227391244,2.17990951267266,-2.59729442134237,2.55012607935747
129,-2.68143937056016,2.45508019234282,-2.55643907168511,2.56685631445941
130,-2.37631240376619,2.42341296258097,-2.54890250054103,2.57322840065217
131,-2.48502082289746,2.92503394640661,-2.55633168234409,2.53000820607221
132,-2.3802187119209,3.11973480230801,-2.58139160235008,2.54377214242368
133,-2.10879545091182,2.15367872302602,-2.53715201703323,2.55461641800569
134,-2.73740620312031,2.50880158352861,-2.57252070622708,2.55454722298316
135,-2.6911199882911,2.68389087218871,-2.60193646696611,2.52732236696491
136,-2.49367964440514,2.11273024171292,-2.58260843188585,2.53401676269835
137,-2.25118488454161,2.63742934490139,-2.59546442628693,2.54241331957526
138,-2.89866682376118,2.43300896512522,-2.54964000942754,2.53005593859197
139,-2.43442890357767,2.66733120258512,-2.57251009895729,2.51532586995631
140,-2.48929954725971,2.58169500699232,-2.58264174955228,2.58274084736948
141,-2.38299213247519,2.69485606158575,-2.63672668633291,2.51776816354351
142,-2.90177472329534,2.05890875809593,-2.62853525639292,2.59174354121982
143,-2.55106645243453,2.24948502786078,-2.5564289896636,2.54487865980054
144,-2.69922740548435,2.40965130203324,-2.5814314046871,2.55325964881417
145,-2.69769383759528,2.01517184810292,-2.55240681120116,2.60696496091956
146,-2.21026412277565,2.46584412016052,-2.52952817813208,2.57154028074922
147,-2.20159412239723,2.20162913379853,-2.55248395014271,2.591777030275
148,-2.29481290467441,2.65850932889984,-2.58698704758136,2.56679411586083
149,-2.56817943312044,2.43300896512522,-2.59336487918651,2.58298956220249
150,-3.15401489796831,2.15377083124625,-2.53700463723714,2.52941210931663
151,-2.47653710986297,2.27594829566327,-2.55236069965587,2.5570444083552
152,-2.62941405315717,2.33788374437743,-2.62851080751286,2.56508903834196
153,-2.55377988381098,2.49806216440743,-2.56988590635328,2.51542244988739
154,-2.12658629203277,2.41026799448029,-2.63471537596584,2.49561137667091
155,-2.07755025389249,2.38609922253145,-2.60192443892689,2.5435873464604
156,-2.76530991020869,2.72421515150961,-2.58367453730019,2.56784841034804
157,-2.91499246374537,2.30252779879876,-2.58260026663384,2.50121372887589
158,-2.88682462567474,2.55315770109749,-2.59560533415522,2.55709176989482
159,-2.6284546600038,3.15260356402204,-2.58256747484152,2.58161560267896
160,-2.32451946855362,2.5793457791952,-2.59162850742952,2.5650705957456
161,-2.85402690827673,1.76760722444508,-2.62149363088521,2.55710391092029
162,-2.33660118196833,2.08089464387559,-2.58138503935972,2.53182884816747
163,-2.26275569006038,2.55799332710928,-2.62626091736796,2.55460879378137
164,-2.29879599250741,2.12680636845094,-2.55373883685969,2.56453985860836
165,-3.26429861250586,2.56462574907947,-2.59442850966219,2.54100052044325
166,-2.00899441633325,2.97722546971368,-2.54638028600595,2.49156531042392
167,-2.37537406463288,2.72558874730197,-2.58146727093274,2.59209576765298
168,-2.52420606129538,2.87201891103522,-2.58694219770684,2.5641555347951
169,-2.89969353509829,2.17426029500367,-2.57818691016359,2.52732672393414
170,-2.86272870491422,2.9531000023681,-2.55112419330488,2.55196594908408
171,-2.2778057355834,2.56785744801754,-2.59179408053006,2.55198456722862
172,-2.31669100401009,2.37684875656732,-2.56997818522556,2.57930977905556
173,-2.76530991020869,2.4591193109399,-2.57324308268449,2.56687722779346
174,-2.36387077016281,2.5793457791952,-2.57247013419972,2.54491262993201
175,-2.37753925519689,2.58266314837631,-2.58217915954994,2.52505660262237
176,-2.31467817205387,2.68746551325921,-2.57243563465221,2.52793128766637
177,-2.0226989434298,3.08135502809812,-2.59193466751495,2.5815740264783
178,-1.93992398054322,2.49562488927939,-2.60015222423568,2.52503532558976
179,-2.61127551428406,2.78678607243995,-2.54265714091088,2.55458558247019
180,-2.54797169325455,2.51006153388116,-2.60197856297222,2.53399318080006
181,-2.7727414719048,2.77538195644513,-2.58263407183188,2.49810086241729
182,-2.79757303719357,2.41026799448029,-2.60365987310299,2.56613578085763
183,-2.6167873897649,2.59183702720893,-2.58638778129348,2.53903636839009
184,-2.56994098553569,2.61828243456474,-2.55188366497529,2.57817508426987
185,-2.53713361006543,2.88130092626899,-2.58941200004134,2.56501323742756
186,-2.27781713400648,2.43659864464641,-2.59435895980282,2.54485763313251
187,-2.68338492420992,2.45963455691835,-2.62908864073634,2.5570951278526
188,-2.39136268549397,2.79425272276297,-2.58363506918802,2.57160897920917
189,-2.91995340973227,2.08517349837647,-2.611353748973,2.55317349867894
190,-2.32783963099298,2.72409230509745,-2.56625756004635,2.53729174377377
191,-2.07498314221101,2.3577345201767,-2.59339743779811,2.54097176407289
192,-2.11228542507998,2.41505619025235,-2.59205307023469,2.57933827785555
193,-2.60193986366565,2.22386474791394,-2.57763852878913,2.5678954136823
194,-2.79757303719357,2.34947901046807,-2.56620547676518,2.57160033827834
195,-2.48825168459283,2.84808921692627,-2.54961884938905,2.56405217475309
196,-2.56817943312044,2.95846163427699,-2.59312480600669,2.55310529384094
197,-1.83903186660037,2.66519700104252,-2.58601876415789,2.50137874564175
198,-2.6911199882911,2.74396417644117,-2.59442017651875,2.52934139759914
199,-2.1934064341765,2.32244510052147,-2.59171927351832,2.55790020338121
200,-2.2968147043716,1.72730703255719,-2.57311356078474,2.54481700311019
201,-2.44045076232296,3.01253771381822,-2.53874507277061,2.58175030550281
202,-2.09072913202051,2.52505002326621,-2.58642395422143,2.55021859638686
203,-2.54957653476079,2.59198854034799,-2.59201688663523,2.59108624955711
204,-1.99801988138752,2.13767893571933,-2.55245545497263,2.57620810367362
205,-2.33608191645682,2.53004850007327,-2.54267076331132,2.62229647455097
206,-2.54829348630779,2.19898480019357,-2.61807490455344,2.52790468555881
207,-2.49663249719099,2.46934800193381,-2.58355944909481,2.49557344293669
208,-2.58935424649828,2.2548379372144,-2.58648030203384,2.56464028421055
209,-2.25925166273066,2.14815127092285,-2.59545972755924,2.56776745371317
210,-2.23749525210777,2.41505619025235,-2.58265180818592,2.53412963478537
211,-2.35668424348107,2.51295613416707,-2.58964381326362,2.55463636320797
212,-2.62620361587509,2.35678657740958,-2.62526980234014,2.58298746213513
213,-2.56817943312044,2.78677228888119,-2.59726154144878,2.52938283032341
214,-2.47964693360698,2.26476063676213,-2.55186682907257,2.56777388613738
215,-3.00768157743752,2.69070493961917,-2.61132779789716,2.56948787458428
216,-2.10879545091182,2.30931120862421,-2.57310351366515,2.53906726554056
217,-2.43612805561387,2.17990951267266,-2.59187510796282,2.56407919156871
218,-2.25661763221069,2.106574039544,-2.60200841112787,2.5273640982457
219,-2.88486212105084,2.4726080969636,-2.63562690867004,2.57323446264953
220,-2.48459208610604,2.73425471201715,-2.53703947529978,2.54096922954402
221,-2.33525148261522,2.30505235328846,-2.59171927351832,2.58294268577879
222,-2.93158239551756,2.86163231663962,-2.60703636181733,2.55797833701239
223,-2.6167873897649,2.42341296258097,-2.58226379281576,2.55323987506874
224,-2.31957225627827,2.30330713856557,-2.55244978887336,2.50133861772377
225,-2.67787357845532,2.58155017843264,-2.5973433560509,2.50535447458463
226,-2.55377988381098,2.5317993682936,-2.59189705903935,2.52507878302031
227,-2.50139028645961,2.57158581993196,-2.58640210150739,2.56501853277468
228,-2.45296518330731,2.7613977385833,-2.61119335306124,2.56789812222673
229,-2.31467817205387,2.83103154197686,-2.58937680510844,2.55805351898427
230,-2.91043804466792,2.81377960817324,-2.54893729544647,2.53185874096487
231,-2.21534225139006,2.35083953325087,-2.58250892137465,2.55023337245848
232,-2.05870680406937,2.30259174951217,-2.62273947911723,2.53388205293085
233,-3.06278441314904,2.71743474759893,-2.62627767779315,2.56382600769707
234,-2.18393352890437,2.10967584217878,-2.58363998198724,2.56782087199007
235,-2.77681707962598,2.85599072101222,-2.63688323435025,2.56511294756072
236,-2.2281223445417,2.53407197998275,-2.58963663452673,2.52728375662083
237,-2.23051514010117,2.52570899734859,-2.57325653846143,2.53904864697867
238,-2.25118488454161,2.137743060754,-2.54271796789,2.5650319435061
239,-2.00753068059453,2.77176149834541,-2.58147797314943,2.54496449130724
240,-2.0619097500911,2.49562488927939,-2.60417962525033,2.50533967192311
241,-2.07640333915873,2.65445344382816,-2.61135387188405,2.59097717050001
242,-2.07909104776932,3.11199193520756,-2.58226743191242,2.53185451282541
243,-2.59171325495699,2.34847119303265,-2.58262270091431,2.52928964037603
244,-2.48459208610604,2.7485248214815,-2.5931412637303,2.57158207600097
245,-2.72895889467284,2.92145920960723,-2.60198824515874,2.56464028421055
246,-2.26885384679277,2.01608467340304,-2.59729543065677,2.47811952824674
247,-2.51640679962631,2.57319251021392,-2.5725540573764,2.59698025741077
248,-2.50343936883785,2.44978320690152,-2.56827358790556,2.55322569821759
249,-2.54266962905603,2.01608467340304,-2.58962838424422,2.52793648657587
250,-2.64783371604626,2.73507036734697,-2.58941563567764,2.57815951774116
251,-2.82293712204007,2.378399714554,-2.6180396815564,2.56782877003156
252,-2.93555892779082,2.40965130203324,-2.58697753384704,2.5373965413386
253,-2.32346372499524,2.92503394640661,-2.60195550638201,2.52508070652224
254,-2.32451946855362,2.1503642616577,-2.57823858742255,2.59250171567526
255,-2.51726192545689,2.12680636845094,-2.56819498671013,2.56620760168113
256,-2.3429205538201,2.45963455691835,-2.57240695397163,2.55801166042397
257,-2.45895491894284,2.56623091667305,-2.54957337074659,2.54098747714468
258,-2.19247228945644,2.12659807042943,-2.60415124855215,2.52939218137633
259,-2.56621073906078,2.75552698050573,-2.58645391340858,2.56623629789832
260,-2.67471642708095,2.8452372905083,-2.59182290809244,2.57314058376283
261,-2.73740620312031,2.96011853023735,-2.582224087841,2.56411859281702
262,-2.77875551118709,2.71586394920197,-2.5919443041136,2.56518032861033
263,-2.28790342485677,2.46934800193381,-2.57246896814847,2.51546160671153
264,-2.59729316718648,2.9010145769469,-2.55894382297146,2.58161431461648
265,-2.29966916994495,2.6710218717446,-2.57245921133997,2.53411842777751
266,-2.39437769178352,2.91907407021159,-2.585929978751,2.52997541971981
267,-2.42036931895873,2.21196839030662,-2.592086423688,2.53005274529604
268,-2.55106645243453,2.75754034239828,-2.59551448271734,2.55321349355727
269,-1.92948742796189,2.45785617127111,-2.59200040842094,2.57941102490037
270,-2.73062725191767,2.11864921137565,-2.59202434505345,2.57940514894699
271,-2.35758126031472,2.66519700104252,-2.57821375237402,2.52325039653077
272,-2.21818931905747,2.60066780685478,-2.5410558160759,2.6183399062479
273,-2.25661763221069,2.28479941610311,-2.58265642198006,2.5917866792213
274,-2.31660211888839,2.97434034557667,-2.58966385488453,2.51540883846513
275,-2.40960017855751,2.73970331117905,-2.65464239868593,2.48732519492309
276,-2.39930876827632,2.7801479281225,-2.60197102048179,2.64089443598563
277,-2.25421967205948,2.24928668208297,-2.58368960135614,2.50122843336568
278,-2.50716521906871,2.26110440082175,-2.62530580531073,2.57807223557411
279,-2.53501404085882,2.11120137158403,-2.59187392245572,2.56464028421055
280,-2.50343936883785,2.63929281107004,-2.55648587873164,2.5250740260934
281,-2.39043714550282,2.40665772887979,-2.5826132013365,2.54498493806403
282,-3.2702295985255,2.43063442561521,-2.58257747652556,2.59712807827126
283,-2.72895889467284,2.33193767088153,-2.59553251073025,2.56689693129944
284,-3.042654983357,2.2061936479093,-2.6348028319199,2.56417517663331
285,-2.78708571938429,2.46459377183532,-2.57332272415222,2.56691635931074
286,-2.6001058535182,2.44939956266236,-2.58258579834491,2.53411435616947
287,-2.74724317403326,2.58169500699232,-2.59201791053675,2.58178545086297
288,-2.32451946855362,2.30726559175801,-2.6019663796065,2.52326657600346
289,-2.71279805639213,2.33800768427537,-2.59560901135177,2.48747882334528
290,-2.4694341249635,2.37598404874126,-2.56626453286168,2.6068162078585
291,-2.63572120178177,2.40965130203324,-2.58647074573338,2.48744224476287
292,-2.32500762914181,2.45412773326505,-2.60006420039336,2.51299523990948
293,-2.91499246374537,2.5991138399831,-2.57811805622094,2.50540212514132
294,-2.87708894339705,2.69485606158575,-2.53876225285534,2.58150384014676
295,-2.81581199092883,2.55190110194778,-2.58594878664386,2.56464028421055
296,-2.54266962905603,2.42692670857279,-2.54102841999128,2.62243254674137
297,-2.73062725191767,2.53397867560498,-2.57818593975015,2.56554984070653
298,-2.58146147092549,2.26273180902635,-2.56994367092187,2.53912442220382
299,-3.01904995136697,2.57814423016221,-2.58142351766807,2.55898568668543
300,-2.82587363509331,3.08135502809812,-2.54273107338699,2.56622717797394
301,-2.62139629647039,2.42451998768117,-2.62868547593893,2.56956723994399
302,-2.41816952143442,2.77743584380971,-2.58135175805963,2.53403184707829
303,-2.65589404929402,2.42451998768117,-2.60192520582264,2.50890178154953
304,-2.58639996592753,2.36301174133394,-2.60355699109831,2.56782013643447
305,-2.37753925519689,2.46344987227959,-2.56982557932796,2.54372501356825
306,-2.64646427087039,2.85550255087995,-2.59171927351832,2.55705561782633
307,-2.48825168459283,2.46934800193381,-2.6416165020558,2.4904718827868
308,-2.19001620123122,2.19489468520863,-2.59171927351832,2.59705239300855
309,-2.69769383759528,2.88585667032428,-2.57310948125566,2.55321494223211
310,-2.02589916535974,2.34425843457038,-2.58643994424548,2.59189845860193
311,-2.37879610452906,2.45412773326505,-2.5050444358983,2.55891077494679
312,-2.22376018293579,2.71899544054124,-2.58963299594523,2.5715352788781
313,-3.00768157743752,2.43559937286792,-2.57251372016127,2.49555006729187
314,-2.43612805561387,2.2583598705224,-2.59210706399301,2.53894834416377
315,-2.79474552016359,2.08878448739248,-2.58938643507492,2.49050781294566
316,-2.70667519464813,2.59183702720893,-2.50144767777829,2.45898925426547
317,-2.03899470885412,2.69116736942456,-2.56823312919554,2.57810979862161
318,-2.55377988381098,2.12815938758876,-2.60004515432698,2.49148817853631
319,-2.50690772676999,2.74417729971373,-2.52425582611122,2.62025576517552
320,-2.52316965894796,2.72558874730197,-2.5931412637303,2.57632800777243
321,-2.21026412277565,2.35792342402693,-2.60196221859555,2.53406560534029
322,-2.50848195324914,2.34979368202266,-2.58229670478698,2.57808320540931
323,-2.77910978011683,2.43910736444008,-2.62635600118929,2.54234633602216
324,-2.19654730268281,2.04080910808228,-2.62906256769874,2.58277123713394
325,-2.49709931772226,2.73970331117905,-2.56623637915971,2.57621269881334
326,-3.06278441314904,2.59256876580449,-2.59726707368123,2.51532828247823
327,-2.08565108079611,2.26273180902635,-2.58263219242495,2.53910765131073
328,-2.33660118196833,2.22933320903975,-2.60196661677773,2.5678863796612
329,-3.0716729933526,2.60066780685478,-2.62636564588867,2.57156450458648
330,-2.47653710986297,2.50534566094069,-2.56824156807237,2.57934665126134
331,-2.62912418775378,2.50354862556588,-2.60424175881772,2.55454104505707
332,-2.57246465757397,2.32244510052147,-2.55895603331545,2.56512509841028
333,-2.54633209518326,2.11120137158403,-2.52211464001634,2.57820616866576
334,-2.55106645243453,2.89329741855572,-2.58592291501283,2.53736576511261
335,-2.46817265468843,3.0211873211695,-2.59547194087411,2.5250063723608
336,-2.42624445954646,2.22386474791394,-2.54894768385268,2.56682279875949
337,-2.32078961303306,2.59183702720893,-2.54267529641696,2.55465680088217
338,-2.39437769178352,2.24928668208297,-2.57681291576365,2.4860394097525
339,-2.76530991020869,2.22451690315377,-2.5427446357593,2.56683542450515
340,-3.01564359926698,2.51770215585219,-2.58229673154226,2.54098142186732
341,-2.6167873897649,2.24305944579592,-2.54799789866661,2.55883191687736
342,-2.315700613561,2.64087034664911,-2.57676320231751,2.58300615477639
343,-2.60193986366565,2.61828243456474,-2.59208491219435,2.49159996061988
344,-2.31669100401009,2.78678607243995,-2.58698456275926,2.54227705995435
345,-2.47365887461063,2.34044285295746,-2.60413453305281,2.52942729302912
346,-2.63741479314804,2.60689619888857,-2.58261885867958,2.55807836462059
347,-2.91043804466792,2.27594829566327,-2.57772388396166,2.50137106245436
348,-2.43076682806326,2.21768115126566,-2.57299842081604,2.53410204990204
349,-2.4263383110354,2.25996412897416,-2.56624197316391,2.57936728711409
350,-2.72028398264969,2.16498892598657,-2.54644940028824,2.5588482490423
351,-3.1425889901743,2.38609922253145,-2.56625120369097,2.52508525196403
352,-2.53115992057622,2.55705548688167,-2.55375108574077,2.56789482442299
353,-2.50690772676999,2.18407156313015,-2.59335759021553,2.48730473991487
354,-2.34148198163275,2.58155017843264,-2.625405198476,2.52501106339687
355,-2.81581199092883,2.52505002326621,-2.60366520674162,2.57622076453116
356,-2.94001888273848,2.75754034239828,-2.56995935233039,2.53738197359263
357,-2.61127551428406,2.62020087574701,-2.5869004044782,2.55190928188088
358,-3.21334390638177,2.28770226764582,-2.57247858436164,2.55712620193876
359,-2.8681654895321,2.40665772887979,-2.56616800324282,2.59188348417354
360,-2.36717764527558,2.17990951267266,-2.58942237956087,2.50525933549619
361,-2.48502082289746,2.69485606158575,-2.54800165588196,2.53006655346792
362,-2.55890226590879,2.02210655694257,-2.58968324228647,2.57816229346482
363,-2.37997022854036,2.17737419427121,-2.54635608229621,2.52323016374089
364,-2.11648397356882,2.56462574907947,-2.56817053853697,2.51008094991311
365,-2.27304817606056,2.467145232943,-2.62140511997281,2.54490737777495
366,-2.31669100401009,2.10111455033265,-2.55186031718115,2.55708027548113
367,-2.30420500455865,2.7613977385833,-2.58137156041086,2.51547729205225
368,-2.30253921367708,2.80664654326246,-2.54894247805745,2.53007329581214
369,-2.78239834700913,2.52505002326621,-2.5524585694581,2.57634062050285
370,-2.65458937113237,2.50119188949849,-2.58648422455917,2.56502015164398
371,-2.57246465757397,3.10311295353443,-2.54270772036666,2.54485187829632
372,-2.06560907018629,2.43659864464641,-2.62845640217875,2.55319960743519
373,-2.76367156997337,2.73877824317279,-2.58695198430915,2.50884563578266
374,-2.54675397277066,2.37598404874126,-2.6248171818358,2.5300431819456
375,-2.48459208610604,2.46080476225614,-2.59205248109581,2.54236259743698
376,-2.27243669312655,2.24058851165864,-2.59193184030488,2.55457437884688
377,-2.26537764041695,2.29496860315783,-2.5781968025147,2.49052106507813
378,-2.7373432803929,2.55890377448459,-2.5933730923186,2.56784240388668
379,-2.72028398264969,2.51295613416707,-2.61806676264823,2.51543431854931
380,-2.77681707962598,2.91907407021159,-2.57324998970831,2.53417093140424
381,-1.98853378240491,2.40629534991905,-2.60694245749733,2.5372204357251
382,-2.47286795990903,2.07270918717565,-2.59432992923485,2.52669111325618
383,-2.22376018293579,2.16869523509049,-2.54904463546235,2.53418460118559
384,-2.34192143846861,2.23944008563358,-2.6001458585622,2.52514246312627
385,-2.54633209518326,2.56785744801754,-2.62842315945328,2.5651676866708
386,-2.21162269024742,2.42341296258097,-2.55183646879754,2.52935930546179
387,-2.83202277155979,2.39674782189557,-2.59336481748793,2.56794171629117
388,-2.20129734266353,2.93686547460868,-2.60017933888004,2.57805000478038
389,-2.48825168459283,2.3333388606647,-2.58931151039075,2.55022620343207
390,-2.67787357845532,2.37428940034749,-2.53016059078569,2.49801319798867
391,-2.73062725191767,2.51295613416707,-2.57300702712827,2.5279738467201
392,-2.28733661704868,2.15350135057127,-2.59319518320833,2.56774967326936
393,-2.53018952234664,3.0194647337082,-2.62627296198045,2.53008825461131
394,-2.21597454296765,2.40965130203324,-2.57821868632455,2.58151908405016
395,-2.70660778813653,2.21275021153083,-2.58963254182101,2.57933317641954
396,-2.71540206647743,2.72409230509745,-2.5410515468818,2.50135280691539
397,-2.1210457235725,3.05625184506265,-2.65296169201404,2.56690010718219
398,-2.51640679962631,2.21859753499045,-2.60372001830448,2.50120316828549
399,-2.60193986366565,2.34847971577141,-2.54640752491026,2.55187302212493
400,-2.37537406463288,1.95683393831143,-2.58259619164656,2.51549334081181
401,-2.8681654895321,1.58896457034112,-2.66578741340171,2.56675843270779
402,-2.7571600232399,2.06614662442125,-2.63749393757617,2.52725279016756
403,-2.70996120362353,2.39655746130764,-2.58356557714969,2.57315316242976
404,-2.55241311177528,3.12006740009207,-2.58265658365979,2.55019066008959
405,-2.57766310473129,2.22996755913792,-2.58359865166538,2.53411108103756
406,-2.10879545091182,1.98751026388285,-2.62944212405922,2.53013301301065
407,-3.14964581230769,2.51770215585219,-2.65597889845306,2.54360937989381
408,-2.79503619157151,2.85550255087995,-2.59171927351832,2.56464028421055
409,-2.48825168459283,1.99154617876002,-2.62288145645843,2.56792878492595
410,-1.97406756848994,2.32002841345171,-2.59340796626985,2.53005346693334
411,-2.62534881960646,2.53004850007327,-2.60413223739778,2.56769074889483
412,-2.78708571938429,3.11199193520756,-2.5173204993606,2.52734775903163
413,-2.63680161256301,2.56683214577219,-2.5955492082219,2.55325778128224
414,-2.50690772676999,2.13490722528087,-2.55245911934354,2.5732239907786
415,-1.97406756848994,2.1403933856579,-2.62850750649591,2.50879070091168
416,-2.36717764527558,2.89015095967208,-2.58588621005121,2.56464028421055
417,-2.04139992505225,2.8452372905083,-2.58646758919247,2.60990124520316
418,-2.76099972784459,2.54229916938866,-2.60697716716696,2.59181853278791
419,-2.31018117565475,2.1576378577806,-2.62861593930247,2.49147646952104
420,-2.4311329798593,2.95218406994678,-2.57677821042334,2.53901132009349
421,-2.72054105814129,2.73970331117905,-2.59554555092319,2.5695453426622
422,-2.52946283212638,2.60994788266047,-2.58956528012888,2.57936612834186
423,-2.25767260241559,2.87622589860534,-2.59315925150509,2.56499876810004
424,-2.67787357845532,2.75552698050573,-2.61123121153588,2.55705633400261
425,-2.90177472329534,2.69485606158575,-2.58223852964127,2.59914258886161
426,-2.62857813539443,2.34711350916786,-2.58955414157095,2.57318054561859
427,-2.13282927701855,2.40629534991905,-2.60011315133397,2.5341002168216
428,-2.85971637378394,2.4674171768608,-2.58683799619246,2.55894465198953
429,-2.68318055875973,2.95218406994678,-2.60190228751465,2.50826221503275
430,-2.59729316718648,2.88585667032428,-2.57770795621594,2.56788273700526
431,-2.37977693889893,2.44234585699122,-2.58598569242323,2.55023654124357
432,-2.93264391596124,2.31662736841652,-2.5589612337813,2.57631334383829
433,-2.61802428112849,2.55890377448459,-2.59204282631489,2.56681983361717
434,-2.47245094444248,2.1922131351351,-2.58694669476961,2.53899457359577
435,-2.315700613561,2.46584412016052,-2.59314788883177,2.53732812450026
436,-3.20717591239491,2.36301174133394,-2.60701400451223,2.57166693443541
437,-2.24778296119025,2.46344987227959,-2.60362384265382,2.55189826656559
438,-1.91599736017475,2.15367872302602,-2.59730544262729,2.56505796542486
439,-3.02597552776703,2.9010145769469,-2.58965325994312,2.5088146747004
440,-2.41816952143442,2.65624045141428,-2.59729945003753,2.54234895560719
441,-2.65974480084119,2.6622708963751,-2.59738810691095,2.52729140663945
442,-2.7373432803929,2.70873875762164,-2.60196841635347,2.53002112338421
443,-2.54894158294511,2.30259174951217,-2.59732369485153,2.55196550326254
444,-3.042654983357,2.11961111290599,-2.5955493972948,2.58291755476486
445,-2.30955762684147,2.29496860315783,-2.59447326370541,2.57635220873354
446,-2.46513523650036,2.07705159939088,-2.59549669200831,2.56502552055973
447,-2.48398203041971,2.27540884177795,-2.55896397262686,2.59191889045185
448,-2.07982956246005,2.47179807002231,-2.62538944589592,2.56620080056879
449,-2.07982956246005,2.83933247736464,-2.57323568747754,2.53909002691434
450,-2.94273043058066,2.14815127092285,-2.59735602009752,2.56543731414978
451,-2.29965488923174,2.9651622478864,-2.58936468282437,2.56788856246961
452,-2.77958607481838,2.50354862556588,-2.6284590198549,2.56417583381807
453,-2.22376018293579,2.60689619888857,-2.55380228934833,2.57942321304657
454,-2.48709056372507,2.40297241294023,-2.54642812091725,2.61833604496326
455,-2.58590562876092,2.4212653844048,-2.58959197920323,2.49563930470302
456,-2.25767260241559,2.24320566308749,-2.6291156388933,2.59201251456211
457,-2.68318055875973,2.87622589860534,-2.59740378755608,2.5732354195999
458,-2.58361295811389,2.69558721399795,-2.56815300910589,2.56464028421055
459,-2.53018952234664,2.77373826870021,-2.54896532816895,2.55788906462984
460,-2.20129734266353,2.87201891103522,-2.57000333063857,2.59093581328019
461,-2.53713361006543,2.24488847614277,-2.5302359873159,2.55321003038296
462,-2.17371877279554,2.83933247736464,-2.58698963371495,2.58157287378605
463,-2.68401343582625,2.38733186202171,-2.57684608531271,2.50533617351407
464,-3.54262300654984,2.41537708165635,-2.62482977356707,2.5177589482179
465,-2.04130407901299,2.83103154197686,-2.60359934177692,2.49814371606098
466,-2.27577529772596,2.15367872302602,-2.58701918904897,2.52668235911631
467,-2.36757787373768,2.50133007844897,-2.58965044918089,2.56383807352551
468,-2.39153281628391,2.57158581993196,-2.65299622377718,2.47812525378395
469,-2.78775848353966,2.30726559175801,-2.59345670011417,2.53739877807942
470,-2.42836841463196,2.77373826870021,-2.63469752251982,2.54489781846348
471,-2.61127551428406,2.56548353865103,-2.59432764983798,2.60063287314271
472,-2.70667519464813,2.42615089127798,-2.5518807369154,2.55885920138629
473,-2.43076682806326,2.28814179928433,-2.63565088135097,2.57619302109074
474,-2.32184110497635,2.84440136449915,-2.60707698807365,2.53403153829298
475,-3.14341069206625,2.81401341712897,-2.58144697407036,2.56780468798372
476,-2.44045076232296,2.56951403693168,-2.54959679343637,2.54492811255983
477,-2.59186371899027,2.55890377448459,-2.59182900140503,2.57814244934127
478,-1.77579889339532,1.75809136522761,-2.61673091596692,2.53739974806048
479,-2.3802187119209,2.48599967378098,-2.60368692715998,2.54378286622931
480,-2.23479161599096,2.37264900215237,-2.573271606831,2.55710191595176
481,-2.09072913202051,2.16344969981217,-2.58698510300778,2.59263154919041
482,-2.48847356637709,2.17426029500367,-2.49370504674874,2.55323349793404
483,-2.2968147043716,2.21859753499045,-2.5730903236779,2.57819087604421
484,-2.34739542725889,2.14596005416284,-2.57000041432445,2.56556807008056
485,-2.58146147092549,1.99166790225741,-2.61684920687363,2.56410385047209
486,-2.53873113834656,2.48754734604013,-2.59731652733263,2.56692048661696
487,-2.84089660315904,2.12361158536471,-2.59733977870533,2.52733435087613
488,-2.53707655054107,1.95137499512799,-2.5814714228397,2.55892191816136
489,-2.39136268549397,2.56548353865103,-2.5955312706279,2.57807251744113
490,-2.20645090416197,2.02875535536166,-2.58641266565869,2.52509133269693
491,-2.53018952234664,2.99968747079515,-2.57768244864708,2.55710066481043
492,-2.99130791039101,1.91298868442686,-2.5836393596788,2.4875210630428
493,-2.46138684414848,2.60534417397237,-2.59433147026872,2.58161291301734
494,-2.29966916994495,2.46934800193381,-2.59188438899119,2.56509979352113
495,-2.30061853008341,2.18013875177406,-2.53703680014992,2.55325877942071
496,-2.58693987429508,2.44342980603035,-2.58594253412646,2.5502166036264
497,-2.50690772676999,2.49806216440743,-2.62284191067833,2.55897457352492
498,-2.45296518330731,2.45412773326505,-2.56628128098974,2.55320609525641
499,-2.73778188587312,2.90784192275133,-2.54827229392231,2.56783716831393
500,-2.81465321393784,2.43659864464641,-2.58141404167558,2.53737107299161
501,-2.33433986017984,2.78677228888119,-2.63475292187808,2.52939023283537
502,-2.90621438072713,2.41505619025235,-2.58698955195685,2.55466412783373
503,-2.31669100401009,2.63432985027773,-2.5589912652453,2.54496640218266
504,-2.27975627192948,2.219864507551,-2.57306695505261,2.53001471480781
505,-2.27558446065332,2.73479737762766,-2.54959347255453,2.53399127142303
506,-2.44452767587276,2.9531000023681,-2.57680588032691,2.58169652353266
507,-2.12930003024329,2.84187668087406,-2.58951793961482,2.54372546143534
508,-2.69896757148528,2.75716760555978,-2.57771247130566,2.57821796539913
509,-2.29098531601399,2.82471320193147,-2.57821662419235,2.56384137914215
510,-2.2479188006515,1.94876217505266,-2.59722826156782,2.58171089068921
511,-2.59316214071115,2.07907454261288,-2.55242765878388,2.56494083053128
512,-2.38025637837936,2.40629534991905,-2.59442164544481,2.58161978409716
513,-2.37879610452906,2.97646669851492,-2.58700664788576,2.55317589352195
514,-2.53608590260049,2.37684875656732,-2.56820599384311,2.52732203573477
515,-2.65458937113237,2.13381759131374,-2.62624095453555,2.52939564676532
516,-2.58134815205566,2.40665772887979,-2.63740737594218,2.62021936867531
517,-2.23903043976711,2.56623091667305,-2.61133107569804,2.50887309524609
518,-2.60364290227346,2.56785744801754,-2.61124572747377,2.56775153216888
519,-2.43750759068143,2.73479737762766,-2.54794680111323,2.51539325087408
520,-2.55241311177528,2.37264900215237,-2.59195996799858,2.56452658149654
521,-3.0716729933526,2.38271110110948,-2.57772660187699,2.52938841939069
522,-2.6284546600038,2.15390285264635,-2.54640565847907,2.56487954520073
523,-2.69876717593127,2.53407197998275,-2.55369843461735,2.51764531135678
524,-2.10879545091182,2.03116611902035,-2.60197232354221,2.56506539396477
525,-2.59186371899027,2.97820342334284,-2.58593370028735,2.46928572346482
526,-2.83603225450789,2.26110440082175,-2.68336308308178,2.55711854260339
527,-2.77054744829301,2.85347270381891,-2.5894157409832,2.54221929235409
528,-2.31803174840631,2.44069289534316,-2.59171927351832,2.52335531468973
529,-2.55377988381098,2.53407197998275,-2.54799782395932,2.55800910708372
530,-2.69922740548435,2.08076751045915,-2.54635884267642,2.5545909380703
531,-2.32791714514221,2.33800768427537,-2.58368584047004,2.50124807036441
532,-2.46781702212308,2.56415221294245,-2.53712450345773,2.56512381570701
533,-2.31803174840631,2.35083953325087,-2.57760161546345,2.5641706903537
534,-2.91499246374537,2.56462574907947,-2.54818099759575,2.55022588730427
535,-2.48398203041971,2.54488393901412,-2.57772181976896,2.56953020847093
536,-2.21441218977848,3.09063719065002,-2.59326499869348,2.57634547906733
537,-2.41816952143442,2.17990951267266,-2.60361848883974,2.54373783346524
538,-2.07982956246005,2.86128431536876,-2.5814071698273,2.52515715087849
539,-2.47554871515838,2.43713061060783,-2.54831142662539,2.56409436776908
540,-2.41457040629436,2.2969436340239,-2.5724531931671,2.57322267099147
541,-2.20645090416197,2.69809358619518,-2.58369310276466,2.59261998068909
542,-2.12297654948182,2.53731319848189,-2.55099846982504,2.55192583009199
543,-2.56621073906078,2.25984825942026,-2.58153076774618,2.55459115517651
544,-2.40960017855751,2.49153803571217,-2.60708696153209,2.56464028421055
545,-2.50690772676999,2.29311417264861,-2.57685062444118,2.55802671101458
546,-2.77910978011683,2.26417247493219,-2.63675603269358,2.54492102114795
547,-3.25400757918936,2.19708766696185,-2.61132927304648,2.50884545594472
548,-2.54829348630779,2.4447459945233,-2.56813426005398,2.5279299608288
549,-2.73778188587312,2.18898242020249,-2.59207414045931,2.5437445631177
550,-2.28790342485677,2.32002841345171,-2.5821923514462,2.55461967172596
551,-2.52220475237794,2.90004876718092,-2.63483656341534,2.52944192888856
552,-2.66372858105507,2.77176149834541,-2.55640456917442,2.57636358623742
553,-2.48825168459283,2.52935087955328,-2.61685451466119,2.55197632831809
554,-2.30630953827843,2.61828243456474,-2.60202008162887,2.52568404898863
555,-2.20644315225797,2.46934800193381,-2.61793747120737,2.57940545452689
556,-2.43442890357767,3.17973866552783,-2.58364487188506,2.57821015733183
557,-2.78708571938429,2.39720318769864,-2.53108323159943,2.54491782493006
558,-2.92358238531374,2.21646532266586,-2.58142303074632,2.53734314054184
559,-2.42836841463196,2.32244510052147,-2.65296527052073,2.55804998720391
560,-2.3802187119209,2.51539974790006,-2.59734487468779,2.57938760045272
561,-2.30066412666116,2.36803476492739,-2.58688012217335,2.50359283317848
562,-2.68644338606944,2.38542210930807,-2.59725053469361,2.56500115248683
563,-2.53873113834656,2.80314616764078,-2.55636809060364,2.56762948591361
564,-2.74217365854275,2.62020087574701,-2.59733065483416,2.52329838436226
565,-2.55377988381098,2.87622589860534,-2.55649308108526,2.56412611204729
566,-2.37537406463288,2.43910736444008,-2.52948944661262,2.58172529778269
567,-2.46968889101472,2.39397739540291,-2.60015888734284,2.5571326229376
568,-2.59203533887579,2.56785744801754,-2.538689267271,2.52944678021936
569,-2.74280682164088,2.30330713856557,-2.58252808941279,2.56424072168177
570,-2.53873113834656,2.7801479281225,-2.58366801164419,2.56557005041427
571,-2.12210351367915,2.70873875762164,-2.62013365303877,2.52512349002434
572,-2.37997022854036,2.74417729971373,-2.61797298600836,2.52789765808789
573,-2.47365887461063,2.37788905435373,-2.57769069385556,2.59199809750054
574,-2.14194571161188,3.21150358286602,-2.59332021446956,2.56788536770974
575,-2.71279805639213,2.77373826870021,-2.54829983807243,2.56795035222279
576,-2.64165775138049,2.1358545459066,-2.58227677669422,2.51300269775878
577,-2.99037096292567,2.22222846947858,-2.57683319369023,2.56785759992471
578,-2.46781702212308,2.1403933856579,-2.61672397599116,2.55802638294097
579,-2.3802187119209,2.39348968471209,-2.58955414157095,2.56775628688502
580,-2.52420606129538,2.46344987227959,-2.58647533122011,2.53186285333561
581,-2.68401343582625,3.32344304050636,-2.59338033408609,2.57612666640616
582,-2.10132006801971,2.50354862556588,-2.50500830334978,2.5340642809016
583,-2.79390712417346,2.7613977385833,-2.52320009764667,2.57817370690516
584,-2.78239834700913,2.87571099699068,-2.59191259369653,2.57929914517574
585,-2.18393352890437,2.36301174133394,-2.58965102305139,2.54230452749678
586,-2.85310596112163,2.47265033065837,-2.5864905438236,2.5340258579287
587,-2.22841884018782,2.55890377448459,-2.60692255704287,2.5423561291694
588,-2.37997022854036,2.1756322661371,-2.57307903240437,2.56376830777422
589,-2.07982956246005,2.72558874730197,-2.61801773195027,2.54102898022645
590,-2.73342261655335,2.86163231663962,-2.6001604648681,2.56388167697001
591,-2.18393352890437,2.1503642616577,-2.60409314054828,2.58273865918284
592,-2.73918252291332,2.76218858077165,-2.53718408533585,2.5732368755769
593,-2.28776955011825,2.07516242419353,-2.62626904448569,2.59184990919948
594,-2.54102517048897,2.83103154197686,-2.6070428568789,2.58301991015621
595,-2.27304817606056,2.35792342402693,-2.55235679845177,2.55897152231807
596,-2.48825168459283,2.6622708963751,-2.55189790397879,2.52514558213565
597,-2.59186371899027,2.30252779879876,-2.54265557560325,2.5423152075097
598,-2.47245094444248,1.92223779691463,-2.60708796603238,2.55800995436688
599,-2.48825168459283,2.89015095967208,-2.57674476744343,2.49146421701271
600,-2.5955239402545,2.21768115126566,-2.54667855799668,2.5340819852403
601,-2.69682890646811,2.45412773326505,-2.64786654126745,2.58170115975241
602,-2.35192103927757,2.86128431536876,-2.56620524738915,2.56627486033569
603,-2.53115992057622,2.57619689950856,-2.54899941466519,2.56623957049883
604,-2.33525148261522,2.62220958486542,-2.59317894135605,2.55308921394893
605,-2.29135806239036,2.23843251953249,-2.56997853449667,2.55900146697454
606,-2.19654730268281,2.27540884177795,-2.61678133958031,2.58298149404969
607,-2.60193986366565,2.16869523509049,-2.52949500327739,2.56687416483037
608,-2.0619097500911,2.82656080822997,-2.57249951333004,2.57314543629814
609,-2.14258756100002,2.24488847614277,-2.55107246375038,2.52939751773446
610,-2.4694341249635,2.90130302498068,-2.59546954735636,2.56682984810251
611,-2.91499246374537,2.68331227968302,-2.59736413991766,2.56454133110969
612,-2.44503821641027,2.2583598705224,-2.58597995217989,2.57934270633424
613,-2.55890226590879,2.26417247493219,-2.58215187237492,2.52321651238723
614,-2.52420606129538,2.51006153388116,-2.59185546873164,2.58267926971545
615,-2.10618914979866,2.45596308659495,-2.62614575857268,2.55805489831277
616,-2.20934081224748,2.93849749639785,-2.58937521377836,2.5423785122085
617,-2.25661763221069,2.81401341712897,-2.62539662019941,2.56630528041521
618,-2.57323041165927,2.39348968471209,-2.57683360618706,2.56515858774017
619,-1.9900564658708,2.58169500699232,-2.58599202368786,2.52731435085343
620,-2.78775848353966,2.47265033065837,-2.58941133399912,2.5793871632908
621,-2.53015374168586,2.3690429548002,-2.59734860371942,2.53177930697191
622,-2.98476677569196,2.38869112357259,-2.56615603135013,2.59180846003666
623,-2.77279458998433,3.41177522405691,-2.58643160320078,2.54094426423675
624,-2.29797356215546,2.65445344382816,-2.59347783299694,2.56453385227068
625,-2.57680135021746,2.41026799448029,-2.59210975793314,2.56779348554952
626,-2.32500762914181,3.09229123354415,-2.59556440147617,2.5519701269453
627,-2.33660118196833,2.35826708465868,-2.58965555917606,2.52507986804383
628,-2.68644338606944,2.35083953325087,-2.55251465933276,2.57315307082494
629,-2.29135806239036,2.64131067217788,-2.56999956473341,2.56464028421055
630,-2.29603124109377,2.27509150999582,-2.53711423957392,2.56464028421055
631,-2.25393429266339,2.2061936479093,-2.58584280930218,2.53390663285618
632,-2.37997022854036,2.34069186536757,-2.62534443843879,2.5650749166875
633,-1.99679565873334,2.65633809288737,-2.58261951647753,2.55887093240435
634,-2.71822762950607,2.45257945732295,-2.58151016512719,2.52505322090094
635,-2.76099972784459,2.57814423016221,-2.62000735611529,2.56777432660795
636,-2.73740620312031,2.34425843457038,-2.60707311583229,2.5279356792841
637,-2.59203533887579,2.6295827535023,-2.55642242769335,2.54104675692338
638,-2.78708571938429,2.29866803839365,-2.57320970353476,2.58301006606201
639,-2.17553324286779,3.0211873211695,-2.58249825852083,2.52336907216404
640,-2.07547181381173,2.28770226764582,-2.59340819657073,2.5780705388757
641,-2.37665311926471,2.67980254814566,-2.53709492213908,2.55894873621685
642,-2.48049723835445,2.10111455033265,-2.5931753129675,2.60699072099123
643,-2.19167839839836,2.5317993682936,-2.62640148000506,2.51771098782589
644,-2.19635390033827,2.59706826960103,-2.54667547561561,2.55009202404697
645,-2.32791714514221,2.00706318067883,-2.62537114184117,2.54233811606708
646,-2.48939387887229,2.12962351318541,-2.58231889219766,2.56554347445705
647,-2.42036931895873,2.45785617127111,-2.53263182407158,2.53185748475364
648,-2.73740620312031,2.28499138998886,-2.62626704115908,2.55319132594829
649,-2.66577344843531,2.62020087574701,-2.55640919136663,2.59193420334073
650,-2.81465321393784,2.28479941610311,-2.57318795921771,2.58156014411075
651,-2.58961006329151,2.85550255087995,-2.59733453447087,2.54235694544215
652,-2.17993782679186,2.4591193109399,-2.57818838221614,2.54376938550336
653,-2.50716521906871,2.63742934490139,-2.62621306797179,2.55315782222477
654,-2.29627170984506,2.1997066754321,-2.62481938358696,2.51286828242974
655,-2.30986895620902,2.46584412016052,-2.59733570846504,2.53186258967944
656,-2.04048643208836,1.81107636764653,-2.58648274091672,2.57166158758803
657,-2.37631240376619,2.37264900215237,-2.54897858225809,2.55890701664486
658,-2.81465321393784,2.22996755913792,-2.58157508577686,2.59184639502295
659,-2.7727414719048,2.34069186536757,-2.53875858927546,2.52505962169564
660,-2.85918540397254,2.17477786858462,-2.58371596610242,2.55183751844843
661,-2.77681707962598,2.4726080969636,-2.58227882701214,2.56408915247823
662,-2.53115992057622,2.39655746130764,-2.53875817316796,2.5339980632118
663,-2.59735198455351,2.28479941610311,-2.57252825639095,2.55025343732632
664,-2.17553324286779,2.72409230509745,-2.58256529798899,2.56420244818024
665,-2.7727414719048,2.41026799448029,-2.54965214209566,2.56464028421055
666,-2.64783371604626,2.05717597804826,-2.58154791298045,2.55456857019115
667,-2.36757787373768,2.15367872302602,-2.58692209334458,2.56555100097258
668,-2.33525148261522,2.84440136449915,-2.59344072973921,2.55450223778004
669,-2.62006568551999,3.00722714857193,-2.59162514572253,2.5409820263151
670,-2.69922740548435,2.38455952279756,-2.62148687276529,2.5423133976154
671,-2.47245094444248,2.59102505519195,-2.58642176430222,2.56464028421055
672,-2.71988339425014,2.99551026724978,-2.62908327015558,2.55019290163211
673,-2.10253990680304,2.28684160884444,-2.58141847121615,2.49566173587553
674,-2.60193986366565,2.49048314316788,-2.57772972467282,2.59179829660029
675,-2.27877388035893,2.70873875762164,-2.53252932783331,2.57940988768134
676,-2.49709931772226,3.01447317065232,-2.57326247973768,2.52336435349256
677,-3.10309217944449,2.06772111823864,-2.60421514955536,2.5011220336203
678,-2.72054105814129,2.21121137303992,-2.62008090081697,2.5641158414205
679,-2.72895889467284,2.59181198396546,-2.58366339608788,2.55463293000224
680,-2.11648397356882,2.26385672142676,-2.59439064488902,2.56773280908684
681,-2.47519542040137,2.67980254814566,-2.57823380543681,2.56776632743376
682,-2.12658629203277,2.82656080822997,-2.5699457025626,2.56687833238063
683,-2.11543826393235,2.49806216440743,-2.58683197043696,2.55459026652797
684,-2.30630953827843,2.59198854034799,-2.58249511554976,2.5641958054647
685,-3.10972833846823,2.28479941610311,-2.55381530249781,2.56415049635783
686,-2.62620361587509,2.45162175195833,-2.58367151017622,2.53009203838144
687,-2.28279111965647,2.73970331117905,-2.57685800663376,2.56388553972382
688,-2.81439174678402,2.73877824317279,-2.5427293478265,2.54483466643394
689,-2.62139629647039,2.90004876718092,-2.54834336769992,2.5250540195532
690,-2.43892358856841,2.30252779879876,-2.59188108240428,2.49159316413216
691,-2.12297654948182,2.56785744801754,-2.59555405641178,2.57621270236515
692,-2.01740912970144,2.57619689950856,-2.58151606466485,2.56680028110655
693,-2.25661763221069,2.57619689950856,-2.592019585713,2.59655061270099
694,-2.65294744076283,2.3690429548002,-2.59187170099366,2.55451147588048
695,-2.71822762950607,2.44978320690152,-2.60367469546753,2.57933948878929
696,-2.46138684414848,2.13767893571933,-2.58260476946522,2.5373508684464
697,-2.00098680565229,2.52935087955328,-2.60426117206157,2.46086361166031
698,-2.33433986017984,2.22996755913792,-2.58970548753824,2.56796515335888
699,-2.64130263080639,2.74417729971373,-2.57321073667878,2.52571803927413
700,-2.30986895620902,2.93969884365349,-2.59321589638427,2.53409264335073
701,-2.21881393363229,1.95683393831143,-2.57770981007399,2.63933394678526
702,-2.62857813539443,2.06614662442125,-2.62643299299263,2.53013379504476
703,-2.34739542725889,2.49048314316788,-2.61999968472437,2.55322872691539
704,-2.56621073906078,2.21351034942939,-2.62635295394339,2.56504388411293
705,-2.43248385835084,1.87440914996633,-2.57772491558254,2.57163241150957
706,-2.48049723835445,2.60036630509673,-2.57772798252277,2.55807089389478
707,-2.28426003868087,2.58266314837631,-2.59186417436896,2.55457646992552
708,-2.86272870491422,2.21769703195115,-2.61126735591823,2.52724967748039
709,-2.21225738781211,2.47265033065837,-2.57328549369156,2.56620610667089
710,-2.31803174840631,2.25996412897416,-2.5930959915966,2.52330035342805
711,-2.06560907018629,2.66116203155572,-2.5782510750236,2.56507179499444
712,-2.4694341249635,2.18898242020249,-2.62144322418308,2.56623774527671
713,-1.98215924870804,2.37684875656732,-2.62143310071075,2.56422919286368
714,-2.56994098553569,2.76218858077165,-2.58631421003655,2.53405242300178
715,-2.31669100401009,3.05625184506265,-2.5427571518143,2.49564663686045
716,-2.54829348630779,2.55190110194778,-2.61801519033587,2.56688164914168
717,-2.52037156156887,2.72558874730197,-2.61685477214599,2.52796093420978
718,-2.21818931905747,2.95218406994678,-2.56825610316653,2.53396401192342
719,-2.96298926479348,2.26476063676213,-2.55115346007394,2.55700998008548
720,-2.43076682806326,2.9203415449433,-2.63069375292773,2.56499651819001
721,-2.6167873897649,2.52935087955328,-2.59558966516947,2.56624427428203
722,-2.46968889101472,2.69558721399795,-2.59338538657745,2.57622757966084
723,-2.68881747349651,3.41724787561427,-2.58600769760987,2.56631185429525
724,-2.77875551118709,2.72409230509745,-2.59171927351832,2.55899637464759
725,-2.46968889101472,2.59198854034799,-2.59318742007074,2.56501288424578
726,-2.41282853320273,2.56951403693168,-2.58362158166305,2.57152954156405
727,-1.973327981815,2.22996755913792,-2.56999960225929,2.52577150182722
728,-2.10480250661268,2.95424607098975,-2.57331295918288,2.59653028192653
729,-2.71988339425014,2.41412156032751,-2.594408587433,2.59187307440621
730,-2.60416988665438,2.16869523509049,-2.6263830686018,2.5816502146127
731,-3.21190940850428,2.55457289486125,-2.58147756658287,2.58172497832136
732,-2.60193986366565,2.38733186202171,-2.59442724760907,2.59249701594602
733,-2.48929954725971,2.26385672142676,-2.5944427475582,2.55461193361239
734,-2.85478336692917,2.21646532266586,-2.54822177539899,2.56464028421055
735,-2.68401343582625,2.84324072691244,-2.61682466401885,2.52669708132705
736,-2.74721312537869,2.23843251953249,-2.62618773241659,2.53418084761732
737,-2.48637628462735,2.137743060754,-2.5564192225844,2.56691314759935
738,-2.88682462567474,2.33193767088153,-2.63074099483138,2.56386380922028
739,-2.37509836748523,2.17744862987185,-2.53348806414895,2.57317541090096
740,-2.53115992057622,2.41026799448029,-2.55647846091706,2.55897938462973
741,-2.2479188006515,2.45420587672868,-2.55641301142004,2.53730626513688
742,-3.042654983357,2.53903752939275,-2.54960264743891,2.55022701850041
743,-3.40570439496429,2.72558874730197,-2.59343339172335,2.56453328913872
744,-2.70440785199402,2.54366452667243,-2.60417566378236,2.51540764630787
745,-2.78532324802153,2.45420587672868,-2.62008518933246,2.55194285463941
746,-2.10407688642427,2.11588371646994,-2.55899850343745,2.61799406325908
747,-2.79333724727781,2.27171425644066,-2.61129946528293,2.50139087964968
748,-2.72054105814129,2.51539974790006,-2.56814571585629,2.52508792949714
749,-2.47519542040137,2.97820342334284,-2.62636980704007,2.52792682025835
750,-3.49884774350752,2.33800768427537,-2.57299346780068,2.55796624981909
751,-2.45834535534669,2.41505619025235,-2.58594819645112,2.54100252425334
752,-2.43612805561387,2.51539974790006,-2.58641351871948,2.52930034500264
753,-2.21881393363229,2.56623091667305,-2.55641272169452,2.59259826162559
754,-2.47845504238817,2.77176149834541,-2.58142280127575,2.56623387235704
755,-2.12203627016522,2.70132559650686,-2.54959996964624,2.59172810452292
756,-2.71279805639213,2.20432699500213,-2.57326088452929,2.53400829162049
757,-2.28279111965647,2.78270634891593,-2.59183152316965,2.58178571115545
758,-2.79474552016359,2.77538195644513,-2.57768044548761,2.55703375022061
759,-2.68881747349651,2.46934800193381,-2.58356774363888,2.56501750192359
760,-2.55106645243453,2.11864921137565,-2.5524802278517,2.57312315251654
761,-2.53501404085882,2.56509693784604,-2.54637465259729,2.56948024387212
762,-2.72306802954912,2.57619689950856,-2.58941910432498,2.50125243730578
763,-2.4263383110354,2.37428940034749,-2.53709549613456,2.55193841987962
764,-2.32346372499524,2.65633809288737,-2.56997880892476,2.55890591877514
765,-2.43442890357767,2.37264900215237,-2.58222584028405,2.53908549162816
766,-2.63680161256301,2.44234585699122,-2.53504713820888,2.57621073767146
767,-2.13207706708059,2.60994788266047,-2.62633045071139,2.50882021197481
768,-2.13282927701855,2.86163231663962,-2.59736720940738,2.51772289350722
769,-2.58935424649828,2.38542210930807,-2.57822999319486,2.59715916538216
770,-2.63478049042287,2.44342980603035,-2.60420619035466,2.56541664343256
771,-2.81525960462241,2.38024018787997,-2.58966633198068,2.53904902306806
772,-2.48459208610604,2.37428940034749,-2.5371788729689,2.55020498040438
773,-2.62633658687839,2.14287526578653,-2.57326287970844,2.61790008403985
774,-2.27877388035893,2.72409230509745,-2.58149189836893,2.4981248870447
775,-2.74724317403326,2.29866803839365,-2.59443352095376,2.56496603629039
776,-2.91469920467079,2.07873054892141,-2.63734601001779,2.53733272753874
777,-2.29965488923174,2.63432985027773,-2.60418981529629,2.57614750192385
778,-1.88990563097616,2.78678607243995,-2.58134669476619,2.57312700981986
779,-2.72569736437282,2.56785744801754,-2.5682541982182,2.56509480457842
780,-2.50690772676999,2.44234585699122,-2.54682143204222,2.57322424796245
781,-3.20326132973159,2.15243671533933,-2.53356377904189,2.57161678841189
782,-2.70996120362353,2.45257945732295,-2.59343361181277,2.50365074891104
783,-2.78512353806422,2.77176149834541,-2.56997014102629,2.57626314767296
784,-2.33608191645682,2.56548353865103,-2.53710969321829,2.57157892161403
785,-2.48939387887229,2.34069186536757,-2.56819333769338,2.56516379519076
786,-2.73062725191767,2.36803476492739,-2.59733430796613,2.55698296653666
787,-1.89049683299524,2.66519700104252,-2.59348116999047,2.55192684340652
788,-2.37509836748523,2.81401341712897,-2.53255704654064,2.58288879676322
789,-2.74280682164088,2.00032855452245,-2.60697797920148,2.5391083443226
790,-2.26078529379635,2.46080476225614,-2.58649292192066,2.5662376735167
791,-2.73918252291332,2.57628429616839,-2.56627137094104,2.55792893581964
792,-2.73918252291332,2.35484673207819,-2.5730650941834,2.56500202599266
793,-2.59171325495699,2.77538195644513,-2.55101115641456,2.55007783668536
794,-3.16272236809639,2.47265033065837,-2.59741125993036,2.56423017587697
795,-2.70667519464813,2.26110440082175,-2.59312892718981,2.6222498271328
796,-2.42133125340199,2.92147364029257,-2.58697687816815,2.53412882521359
797,-1.99801988138752,2.60689619888857,-2.58152197571985,2.56418084731991
798,-2.77958607481838,2.72558874730197,-2.60706624202088,2.59259490208554
799,-2.83768859671601,2.48754734604013,-2.5661779252456,2.5662536404117
800,-1.99801988138752,2.43910736444008,-2.59732340165971,2.597075933632
801,-2.53707655054107,2.08535137526607,-2.58693523177514,2.56515510836667
802,-2.64165775138049,2.81377960817324,-2.54681192350993,2.59709381621278
803,-2.48939387887229,2.41026799448029,-2.58136840254218,2.59203432441459
804,-2.12473388960376,2.44939956266236,-2.58135864152852,2.55025026942775
805,-2.5955239402545,2.06121383842268,-2.5973162619177,2.57630372313073
806,-1.85419593150485,2.9010145769469,-2.58148892643309,2.55193201591303
807,-2.4311329798593,2.86929200643561,-2.62846553367045,2.55801049508201
808,-2.36973491182222,2.40297241294023,-2.62906185910331,2.53411392200417
809,-2.65589404929402,1.9536895759987,-2.61804609233788,2.5531225075763
810,-3.05936051000197,3.05820270647981,-2.58689363512946,2.54236123304746
811,-2.76099972784459,2.43910736444008,-2.56621440244893,2.62219053891492
812,-2.6284546600038,2.45897763280714,-2.58367239852325,2.56454969271233
813,-2.62912418775378,2.59183702720893,-2.58641201853527,2.54376481049898
814,-2.60416988665438,2.18407156313015,-2.63746532567447,2.56509308529538
815,-2.50716521906871,2.1358545459066,-2.55895475650723,2.59188000695073
816,-2.45296518330731,2.69070493961917,-2.58640348918615,2.58261391007102
817,-2.43750759068143,2.69116736942456,-2.59317443776973,2.55808363495963
818,-2.77875551118709,1.88442202929586,-2.57325442967258,2.6179219817631
819,-2.81581199092883,2.7485248214815,-2.60013482183462,2.56789928837961
820,-2.72028398264969,2.52326736952577,-2.63731895231347,2.56779456423114
821,-2.57680135021746,2.53731319848189,-2.55246962372076,2.52666644198039
822,-2.5370380402936,2.21768115126566,-2.57318103081902,2.59700942252979
823,-2.93158239551756,2.18365803235913,-2.58143536931179,2.57153035757762
824,-2.46968889101472,2.82431739602379,-2.63075304535155,2.56689881365483
825,-2.91522210071772,2.69308208601664,-2.61134424786924,2.57624768764043
826,-2.32708357164548,2.14815127092285,-2.62136388145159,2.48760507947114
827,-2.63070200951496,2.48735542147983,-2.59197603268808,2.58175841738463
828,-2.32783814765404,2.30330713856557,-2.60369280129374,2.51301992062253
829,-2.79390712417346,2.50821339865584,-2.57294492360423,2.5638869875782
830,-2.63070200951496,2.40489107106004,-2.57313671983438,2.55457669897111
831,-2.57303762474312,2.34979368202266,-2.56620170557562,2.54488646043895
832,-2.22841884018782,2.60689619888857,-2.63077466613486,2.56388931268678
833,-3.03396895858622,2.34771932260113,-2.58367053009659,2.56380840701151
834,-2.99037096292567,2.96099151044095,-2.58585274187277,2.53400741318039
835,-2.82587363509331,2.29866803839365,-2.62863629507224,2.53396276661891
836,-2.29200398093389,2.43777741852888,-2.5859669738051,2.5639342951129
837,-2.30066412666116,2.07772595154361,-2.56999919997915,2.54497009099598
838,-2.53018952234664,2.15350135057127,-2.57325576473592,2.55022982974977
839,-2.25981667807808,2.34847971577141,-2.57820627604933,2.52941595143601
840,-2.35837640389369,2.48744822922324,-2.55375705423369,2.56788548438819
841,-2.68338492420992,1.97187163518676,-2.59171927351832,2.56791110391047
842,-2.37879610452906,2.3577345201767,-2.58216773565009,2.56464028421055
843,-2.11228542507998,2.21646532266586,-2.59206974941975,2.5546283506865
844,-2.82649495922751,2.467145232943,-2.5933829335549,2.5637587598495
845,-2.79390712417346,2.78678607243995,-2.59321003976083,2.56504546211152
846,-2.47838497064306,2.45412773326505,-2.62287074240971,2.56770087726173
847,-2.46968889101472,2.13914108111713,-2.59740266590857,2.56622783732003
848,-2.28279111965647,2.60534417397237,-2.60364544989006,2.56464028421055
849,-2.32708357164548,2.48744822922324,-2.62626533062874,2.57158097872005
850,-2.43612805561387,2.60994788266047,-2.59731048527005,2.62954017547856
851,-2.48929954725971,2.38543888470845,-2.54901010216241,2.54099222418018
852,-2.39683324195488,2.66116203155572,-2.58641013849503,2.64785506069295
853,-2.82587363509331,2.25736766723368,-2.60017610654603,2.53003107662743
854,-2.73740620312031,2.48599967378098,-2.63069098817626,2.49564405965404
855,-2.86901082452683,2.52726957112751,-2.61132587186756,2.52673607065342
856,-2.40960017855751,2.44342980603035,-2.59440344054807,2.55885136384687
857,-2.98476677569196,2.37598404874126,-2.59343323029931,2.48751719656057
858,-2.62633658687839,2.45257945732295,-2.58360307716358,2.56506452095463
859,-2.73918252291332,2.68938732279738,-2.54830253023129,2.56784631030658
860,-2.52420606129538,1.88697925496824,-2.56822840659403,2.56389148385229
861,-2.65458937113237,2.1358545459066,-2.59321851413334,2.56627809055184
862,-2.19004159227079,2.39250302384512,-2.59194169069074,2.53909342852752
863,-2.89969353509829,2.106574039544,-2.57680508836901,2.52321940488843
864,-2.25925166273066,2.86995879803045,-2.58591024848717,2.53390586396196
865,-2.56621073906078,2.41537708165635,-2.57000904579398,2.54236268334364
866,-2.46968889101472,2.27547022124224,-2.59325691765252,2.56496180157548
867,-2.48825168459283,2.69116736942456,-2.59436233703838,2.58164281224424
868,-2.43750759068143,2.37428940034749,-2.55240745836767,2.599139815416
869,-2.31957225627827,2.90004876718092,-2.62530388787249,2.55884383327301
870,-2.10574755791289,2.26476063676213,-2.56626123842533,2.54096988200492
871,-2.08841872859873,2.38455952279756,-2.59342470102038,2.58269854148469
872,-2.55106645243453,2.78678607243995,-2.58644145151184,2.5272838244832
873,-2.72284687042993,2.21275021153083,-2.55892392167529,2.52935962433935
874,-2.21441218977848,2.81401341712897,-2.59556626421249,2.53409995084433
875,-2.52037156156887,2.28684160884444,-2.59552950302369,2.56539750067022
876,-3.40018735525102,2.79781687467626,-2.56621884535531,2.56554279997071
877,-2.20750417745127,2.68331227968302,-2.59440414496466,2.53396716723403
878,-2.35668424348107,2.89329741855572,-2.55639665137745,2.5448858836011
879,-2.77958607481838,2.14933154904505,-2.53491142181218,2.56685268185626
880,-2.48709056372507,2.4674171768608,-2.55096832183356,2.56626398865589
881,-2.23749525210777,2.24058851165864,-2.6112494053006,2.56384282053565
882,-2.26275569006038,3.24190942869536,-2.62136375098782,2.57630350275893
883,-2.31018117565475,2.57814423016221,-2.59202902491535,2.56503143830635
884,-2.42836841463196,2.66116203155572,-2.5511332030563,2.57629743520317
885,-2.55186228574746,2.88130092626899,-2.54272881318161,2.57311194317691
886,-2.53018952234664,2.45420587672868,-2.59314745495815,2.59653321060015
887,-2.1593132163197,2.55016752515663,-2.54958025545023,2.56959221212968
888,-2.50504237004725,2.46584412016052,-2.58150662992148,2.56630779832114
889,-2.0567031130564,2.39250302384512,-2.58646294874416,2.59193733645962
890,-2.51726192545689,2.79781687467626,-2.60701697675725,2.5390685380791
891,-2.6167873897649,2.83103154197686,-2.57677151153268,2.58294022183322
892,-2.60703537426842,2.69809358619518,-2.54643074191998,2.597109717404
893,-2.04113904666732,2.22386474791394,-2.61687875470586,2.59186520683542
894,-2.46013206264934,2.52570899734859,-2.50346732771452,2.57816726282114
895,-2.50690772676999,2.65445344382816,-2.59165319580567,2.57618383391241
896,-2.03899470885412,2.48599967378098,-2.59560877703262,2.5531411183621
897,-2.46968889101472,2.68746551325921,-2.57823608718236,2.54367603960757
898,-2.7129492641269,2.73479737762766,-2.53115995018272,2.59266174928054
899,-2.78708571938429,2.35484673207819,-2.56819924016707,2.57154111052354
900,-2.10322118364603,2.21859753499045,-2.6478455635905,2.56389440921989
901,-3.30159585964696,2.1503642616577,-2.57683248740036,2.56684064271895
902,-2.19565553041262,2.5317993682936,-2.55190410087677,2.59702991823712
903,-2.712988445911,2.93686547460868,-2.58147090483236,2.55320320505132
904,-2.56621073906078,2.51295613416707,-2.59343294219198,2.55699068681879
905,-2.49709931772226,2.13381759131374,-2.57686511338973,2.55451730873083
906,-2.63572120178177,2.55190110194778,-2.56625913440282,2.54100795209162
907,-2.20645090416197,2.66116203155572,-2.55242878920554,2.57935005568422
908,-2.7129492641269,2.59181198396546,-2.57821518270078,2.55463638495137
909,-2.07982956246005,2.97820342334284,-2.61678634718467,2.57617804620837
910,-2.84089660315904,2.26273180902635,-2.5835939703246,2.5641555347951
911,-2.47286795990903,2.20162913379853,-2.61131580015811,2.60996291256405
912,-2.15354151427438,2.90130302498068,-2.58928572343609,2.48750261006269
913,-2.49349016688599,2.48027397051038,-2.58264174955228,2.56776318296001
914,-2.37509836748523,2.52505002326621,-2.56621616059412,2.50117342457339
915,-2.28578481384933,2.34069186536757,-2.60198845921729,2.56623354420776
916,-2.13368462342051,2.60066780685478,-2.57248952708676,2.5649519444741
917,-2.33433986017984,2.45596308659495,-2.57763563499194,2.56553383967953
918,-2.27558446065332,2.44234585699122,-2.55639602263831,2.53908455124354
919,-2.63070200951496,2.40489107106004,-2.5164163109993,2.55466986387642
920,-2.33525148261522,2.75754034239828,-2.56624279906437,2.55191270126348
921,-2.48709056372507,2.52505002326621,-2.5776829987643,2.53009217191017
922,-2.48049723835445,2.28219852615901,-2.59445362497443,2.53401914724631
923,-2.44160997983716,2.43063442561521,-2.58364148215564,2.55012217111286
924,-2.25925166273066,2.24928668208297,-2.58146592506694,2.54362623268664
925,-2.59203533887579,2.28814179928433,-2.55112501132402,2.55190474121856
926,-2.68338492420992,3.10311295353443,-2.57327129969106,2.57615180875883
927,-2.72028398264969,2.29496860315783,-2.55384170570697,2.57819429068035
928,-2.39153281628391,2.57628429616839,-2.59317324713316,2.48033649164594
929,-3.01564359926698,2.37598404874126,-2.60420787426341,2.57819123682371
930,-2.51640679962631,2.16498892598657,-2.63682408797213,2.51289856033908
931,-2.34739542725889,2.37264900215237,-2.58645509781116,2.50541609829134
932,-2.68143937056016,2.07143303566913,-2.62478255944812,2.53011575070619
933,-2.32184110497635,2.60066780685478,-2.58954893846325,2.57627204617782
934,-2.84018953072415,2.59181198396546,-2.50700772539786,2.46749900002191
935,-2.46968889101472,2.61789584072943,-2.58938560373025,2.59259071454383
936,-1.77192405405907,2.26734916790505,-2.54823383891405,2.57938587277057
937,-2.6001058535182,2.77023673621892,-2.62135915594683,2.51532988676762
938,-2.32346372499524,2.1756322661371,-2.5822059578708,2.58151643964101
939,-2.5781826235479,2.55457289486125,-2.63557901420957,2.56388017832667
940,-2.39825627416813,2.2583598705224,-2.59171927351832,2.52330884034228
941,-2.54829348630779,2.52570899734859,-2.57309397552613,2.55464088394774
942,-2.44160997983716,2.30931120862421,-2.58640835274344,2.5390901140509
943,-2.712988445911,2.56509693784604,-2.60419817098391,2.55448787719869
944,-2.81855329761715,2.46934800193381,-2.54269459790292,2.5762559699138
945,-2.65974480084119,2.48735542147983,-2.63569867745727,2.57633615678783
946,-2.63741479314804,2.59706826960103,-2.6201006722276,2.54098754634148
947,-2.48709056372507,2.62220958486542,-2.57681466082926,2.49153186068969
948,-2.27048687127078,2.08441343095426,-2.59736667017044,2.56558635312358
949,-2.86272870491422,2.24305944579592,-2.62950041502292,2.49155794112937
950,-2.28578481384933,2.40965130203324,-2.59743573161477,2.58260266518388
951,-2.20942588538632,2.43713061060783,-2.57250154839635,2.53740311767638
952,-2.11543826393235,2.78678607243995,-2.60195806013564,2.56385860595549
953,-2.17553324286779,1.94866522078579,-2.58139724632018,2.59186701685432
954,-2.88236997573473,2.42615089127798,-2.59322632305602,2.56421489849389
955,-2.72284687042993,2.47811847941562,-2.59189494690836,2.51015028421719
956,-2.79390712417346,2.41412156032751,-2.62140006217994,2.56464028421055
957,-2.62006568551999,2.45851196860438,-2.58365950532805,2.58158756040034
958,-2.65974480084119,2.45162175195833,-2.60421453470563,2.55195850045401
959,-2.28406503364666,2.5677487096667,-2.57320015464941,2.53735724799659
960,-2.65458937113237,2.44234585699122,-2.61117124235078,2.56553522841588
961,-2.58134815205566,2.74417729971373,-2.55187218099245,2.50127114123089
962,-2.76367156997337,1.99835801143297,-2.62634858524393,2.57326084450953
963,-2.68881747349651,2.60534417397237,-2.55633855991881,2.56779304678479
964,-2.51640679962631,2.01517184810292,-2.55234541266822,2.56421230392324
965,-2.39043714550282,2.45461210907318,-2.59732677173269,2.59103118696088
966,-2.7129492641269,2.40297241294023,-2.57825526438516,2.55022387921544
967,-2.08470565101033,2.59198854034799,-2.52032400855238,2.54100296285304
968,-2.50690772676999,2.09840211482665,-2.53115451123326,2.56789351066764
969,-2.6167873897649,2.66116203155572,-2.58588441384389,2.5410323935597
970,-2.74217365854275,2.23695431833138,-2.58226333581746,2.57163233274582
971,-1.98721641083621,2.01985778928471,-2.58695371449755,2.55186482114231
972,-2.31669100401009,2.43300896512522,-2.58957402519698,2.52799414682563
973,-2.31467817205387,2.43910736444008,-2.62282600952016,2.56417193252847
974,-3.00768157743752,2.44234585699122,-2.56623943916194,2.56464028421055
975,-2.15354151427438,2.06722730524436,-2.59441189330497,2.57616280624306
976,-2.12579153489516,2.50119188949849,-2.58698963371495,2.58260967479621
977,-3.042654983357,2.18631676183093,-2.55640989349386,2.49564654888158
978,-2.78512353806422,2.25736766723368,-2.59444167700699,2.54491290550315
979,-2.47245094444248,2.72409230509745,-2.55182186194514,2.60532785546131
980,-2.41282853320273,2.66519700104252,-2.53711102397985,2.56511829547429
981,-1.99491209272232,2.41537708165635,-2.57306567954611,2.49798177414458
982,-2.06455176933845,2.96656392845474,-2.58259755264217,2.53412763925395
983,-2.17236091169745,2.68938732279738,-2.60015457586266,2.54099760686941
984,-2.57680135021746,2.61789584072943,-2.59320995580189,2.49557695847507
985,-2.53707655054107,2.28479941610311,-2.57000539339045,2.54488501752307
986,-2.79390712417346,2.46459377183532,-2.60368743171297,2.58169922022464
987,-3.09082456259949,2.54096702878507,-2.60205371768234,2.56419600979058
988,-2.93158239551756,2.50821339865584,-2.53614860576068,2.57944643370871
989,-2.29966916994495,2.05491991858717,-2.62541325433724,2.55708169447155
990,-2.18393352890437,2.30252779879876,-2.59445459622754,2.55789624263944
991,-3.07804830351284,2.53731319848189,-2.5943196529588,2.54231549588272
992,-2.50343936883785,2.49806216440743,-2.5698610335075,2.59103006932342
993,-3.579107289854,2.6710218717446,-2.59188597845339,2.51001295309777
994,-2.35837640389369,2.59646838441884,-2.51636893655632,2.54239538893808
995,-3.06055832362345,2.49562488927939,-2.57312178358831,2.56623332450344
996,-2.16981139228159,3.23933502246651,-2.54108974554405,2.56777586666966
997,-2.73342261655335,2.35385955867258,-2.62002663065985,2.5390120474194
998,-2.52316965894796,2.75625691963318,-2.54803330716607,2.49050113003696
999,-2.41816952143442,2.58169500699232,-2.59735615404651,2.56421194359184
1000,-2.2281223445417,2.39220322324813,-2.62625291667039,2.53015868862675
